-- MariaDB dump 10.18  Distrib 10.4.17-MariaDB, for Linux (x86_64)
--
-- Host: 172.17.0.2    Database: almacen
-- ------------------------------------------------------
-- Server version	10.5.8-MariaDB-1:10.5.8+maria~focal
/*!40103 SET @OLD_TIME_ZONE=@@TIME_ZONE */;
/*!40103 SET TIME_ZONE='+00:00' */;
/*!40014 SET @OLD_UNIQUE_CHECKS=@@UNIQUE_CHECKS, UNIQUE_CHECKS=0 */;
/*!40014 SET @OLD_FOREIGN_KEY_CHECKS=@@FOREIGN_KEY_CHECKS, FOREIGN_KEY_CHECKS=0 */;
/*!40101 SET @OLD_SQL_MODE=@@SQL_MODE, SQL_MODE='NO_AUTO_VALUE_ON_ZERO,MSSQL' */;
/*!40111 SET @OLD_SQL_NOTES=@@SQL_NOTES, SQL_NOTES=0 */;

--
-- Table structure for table "category"
--

DROP TABLE IF EXISTS "category";
/*!40101 SET @saved_cs_client     = @@character_set_client */;
/*!40101 SET character_set_client = utf8 */;
CREATE TABLE "category" (
  "id" int(11) NOT NULL,
  "name" varchar(255) NOT NULL,
  PRIMARY KEY ("id"),
  UNIQUE KEY "category_id_uindex" ("id")
);
/*!40101 SET character_set_client = @saved_cs_client */;

--
-- Dumping data for table "category"
--

LOCK TABLES "category" WRITE;
/*!40000 ALTER TABLE "category" DISABLE KEYS */;
INSERT INTO "category" ("id", "name") VALUES (1,'sin categoría');
/*!40000 ALTER TABLE "category" ENABLE KEYS */;
UNLOCK TABLES;

--
-- Table structure for table "operation"
--

DROP TABLE IF EXISTS "operation";
/*!40101 SET @saved_cs_client     = @@character_set_client */;
/*!40101 SET character_set_client = utf8 */;
CREATE TABLE "operation" (
  "id" int(11) NOT NULL,
  "user_" int(11) NOT NULL,
  "timestamp" timestamp NOT NULL DEFAULT current_timestamp(),
  "product" int(11) NOT NULL,
  "description" varchar(255) DEFAULT NULL,
  PRIMARY KEY ("id"),
  KEY "operation_user__id_fk" ("user_"),
  KEY "operation_product_id_fk" ("product"),
  CONSTRAINT "operation_product_id_fk" FOREIGN KEY ("product") REFERENCES "product" ("id") ON DELETE CASCADE,
  CONSTRAINT "operation_user__id_fk" FOREIGN KEY ("user_") REFERENCES "user_" ("id")
);
/*!40101 SET character_set_client = @saved_cs_client */;

--
-- Dumping data for table "operation"
--

LOCK TABLES "operation" WRITE;
/*!40000 ALTER TABLE "operation" DISABLE KEYS */;
/*!40000 ALTER TABLE "operation" ENABLE KEYS */;
UNLOCK TABLES;

--
-- Table structure for table "period"
--

DROP TABLE IF EXISTS "period";
/*!40101 SET @saved_cs_client     = @@character_set_client */;
/*!40101 SET character_set_client = utf8 */;
CREATE TABLE "period" (
  "id" int(11) NOT NULL,
  "start" timestamp NULL DEFAULT NULL,
  "end" timestamp NULL DEFAULT NULL,
  "actual" bit(1) NOT NULL DEFAULT b'1',
  PRIMARY KEY ("id")
);
/*!40101 SET character_set_client = @saved_cs_client */;

--
-- Dumping data for table "period"
--

LOCK TABLES "period" WRITE;
/*!40000 ALTER TABLE "period" DISABLE KEYS */;
INSERT INTO "period" ("id", "start", "end", "actual") VALUES (1,'2020-12-17 00:02:26','2020-12-21 14:45:10','\0'),(30,'2020-12-21 14:45:10','2020-12-21 14:45:21','');
/*!40000 ALTER TABLE "period" ENABLE KEYS */;
UNLOCK TABLES;

--
-- Table structure for table "product"
--

DROP TABLE IF EXISTS "product";
/*!40101 SET @saved_cs_client     = @@character_set_client */;
/*!40101 SET character_set_client = utf8 */;
CREATE TABLE "product" (
  "id" int(11) NOT NULL,
  "category" int(11) NOT NULL,
  "name" varchar(255) NOT NULL,
  "supplier" int(11) NOT NULL,
  "unit" varchar(255) DEFAULT NULL,
  "deposit" decimal(9,2) DEFAULT NULL,
  "outflow0" decimal(9,2) DEFAULT NULL,
  "outflow1" decimal(9,2) DEFAULT NULL,
  "left" decimal(9,2) DEFAULT NULL,
  "period" int(11) DEFAULT NULL,
  "note" varchar(255) DEFAULT NULL,
  PRIMARY KEY ("id"),
  KEY "product_category_id_fk" ("category"),
  KEY "product_supplier_id_fk" ("supplier"),
  KEY "product_period_id_fk" ("period"),
  CONSTRAINT "product_category_id_fk" FOREIGN KEY ("category") REFERENCES "category" ("id"),
  CONSTRAINT "product_period_id_fk" FOREIGN KEY ("period") REFERENCES "period" ("id") ON DELETE CASCADE,
  CONSTRAINT "product_supplier_id_fk" FOREIGN KEY ("supplier") REFERENCES "supplier" ("id")
);
/*!40101 SET character_set_client = @saved_cs_client */;

--
-- Dumping data for table "product"
--

LOCK TABLES "product" WRITE;
/*!40000 ALTER TABLE "product" DISABLE KEYS */;
INSERT INTO "product" ("id", "category", "name", "supplier", "unit", "deposit", "outflow0", "outflow1", "left", "period", "note") VALUES (1,1,'VICHY CATALAN RET.25cl',2,'CAJA',10.00,2.00,4.00,6.00,1,'unid. 24'),(2,1,'ESTRELLA DAMM RET.1/3',2,'CAJA',8.00,5.00,1.00,2.00,1,'unid. 24'),(3,1,'VOLL DAMM RET. 1/3',2,'CAJA',8.00,2.00,1.00,5.00,1,'unid. 24'),(4,1,'DAMM LEMON RET. 1/3',2,'CAJA',1.00,11.00,1.00,0.00,1,'unid. 24'),(5,1,'ESTRELLA DAMM LATA 33cl',2,'CAJA',54.00,4.00,5.00,45.00,1,'unid. 24'),(6,1,'ESTRELLA DAMM BARRIL 30L',2,'BARRIL',6.00,1.00,0.00,5.00,1,'unid. 30'),(7,1,'TURIA BARRIL 30L',2,'BARRIL',6.00,2.00,16.00,0.00,1,'unid. 30'),(8,1,'COMPLOT BARRIL 20L',2,'BARRIL',0.00,0.00,8.00,0.00,1,'unid. 20'),(9,1,'VERY PET.33cl',2,'CAJA',4.00,6.00,0.00,0.00,1,'unid. 35'),(10,1,'CACAOLAT RET.20cl',2,'CAJA',4.00,0.00,0.00,4.00,1,'unid. 30'),(11,1,'FREE DAMM RET. 1/3',2,'CAJA',1.00,NULL,NULL,NULL,1,'unid. 24'),(12,1,'FREE DAMM LEMON RET. 1/3',2,'CAJA',0.00,NULL,NULL,NULL,1,'unid. 24'),(13,1,'FREE DAMM TOSTADA RET. 1/3',2,'CAJA',0.00,NULL,NULL,NULL,1,'unid. 24'),(14,1,'A.K. DAMMS/R 1/3',2,'CAJA',0.00,NULL,NULL,NULL,1,'unid. 24'),(15,1,'CO2 DAMM TUBO 8 KILOS',2,'TUBO',0.00,NULL,NULL,NULL,1,'unid. 8'),(16,1,'ORUJO DE HIER.PANIZO CRISTAL',2,'BOT.',0.00,NULL,NULL,NULL,1,'unid. 1'),(17,1,'RUEDAS 4 RAYAS VERDEJO C/6',2,'CAJA',2.00,NULL,NULL,NULL,1,'unid. 6'),(18,1,'EMBASE BARRIL 20L.',2,'BARRIL',0.00,NULL,NULL,NULL,1,'unid. 1'),(19,1,'EMBASE TUBO DAMM',2,'TUBO',0.00,6.00,0.00,0.00,1,'unid. 1'),(20,1,'CAJA 1/3 LONG NECK',2,'CAJA',0.00,1.00,0.00,0.00,1,'unid. 1'),(21,1,'CAJA VICHY1/4L.',2,'CAJA',0.00,NULL,NULL,NULL,1,'unid. 1'),(22,1,'CAJA CACAOLAT 1/4 L.',2,'CAJA',0.00,NULL,NULL,NULL,1,'unid. 1'),(23,1,'EMBASES 30 L.',2,'BARRIL',0.00,NULL,NULL,NULL,1,'unid. 1'),(24,1,'WHISKY J. WALKER ET ROJA 70CL.',2,'BOT.',0.00,NULL,NULL,NULL,1,'unid. 1'),(25,1,'WHISKY LAGAVULIN 16 AÑOS 70CL',2,'BOT.',0.00,NULL,NULL,NULL,1,'unid. 1'),(26,1,'LICOR GROSELLA RIVES 1L.',2,'BOT.',0.00,NULL,NULL,NULL,1,'unid. 1'),(27,1,'BRANDY SOBERANO 1L.',2,'BOT.',1.00,NULL,NULL,NULL,1,'unid. 1'),(28,1,'BRANDY CENTENARIO TERRY 1L.',2,'BOT.',0.00,NULL,NULL,NULL,1,'unid. 1'),(29,1,'VERMUT MARTINI NEGRO 1L.',2,'BOT.',0.00,NULL,NULL,NULL,1,'unid. 1'),(30,1,'VERMUT MARTINI BLANCO 1L.',2,'BOT.',10.00,1.00,0.00,9.00,1,'unid. 1'),(31,1,'RON BARCELO AÑEJO 70CL.',2,'BOT.',0.00,NULL,NULL,NULL,1,'unid. 1'),(32,1,'RON PUYOL 1L.',2,'BOT.',1.00,NULL,NULL,NULL,1,'unid. 1'),(33,1,'RON HABANA CLUB 7 AÑOS 70CL.',2,'BOT.',0.00,NULL,NULL,NULL,1,'unid. 1'),(34,1,'LICOR MANZANA S/AL 70CL.',2,'BOT.',1.00,NULL,NULL,NULL,1,'unid. 1'),(35,1,'LICOR MELOCOTON 70CL.',2,'BOT.',1.00,NULL,NULL,NULL,1,'unid. 1'),(36,1,'LICOR PONCHE CABALLERO 70CL.',2,'BOT.',0.00,NULL,NULL,NULL,1,'unid. 1'),(37,1,'LICOR PACHARAN ZOCO 1L.',2,'BOT.',2.00,NULL,NULL,NULL,1,'unid. 1'),(38,1,'LICOR 43 70CL.',2,'BOT.',0.00,NULL,NULL,NULL,1,'unid. 1'),(39,1,'ORUJO CAFÉ PANIZO 70CL.',2,'BOT.',1.00,NULL,NULL,NULL,1,'unid. 1'),(40,1,'LICOR COINTREAU 70CL.',2,'BOT.',6.00,0.00,0.00,6.00,1,'unid. 1'),(41,1,'GRANINI NARANJA 20CL.',2,'CAJA',0.00,NULL,NULL,NULL,1,'unid. 30'),(42,1,'VASO CHUPITO 4CL.',2,'CAJA',2.00,NULL,NULL,NULL,1,'unid. 12'),(43,1,'BACARDI',2,NULL,0.00,NULL,NULL,NULL,1,NULL),(44,1,'BEFETER',2,NULL,0.00,NULL,NULL,NULL,1,NULL),(45,1,'SEAGRAMS',2,NULL,0.00,NULL,NULL,NULL,1,NULL),(46,1,'TANQUERAY',2,NULL,1.00,NULL,NULL,NULL,1,NULL),(47,1,'CACIQUE',2,NULL,0.00,NULL,NULL,NULL,1,NULL),(48,1,'CARDHÚ',2,NULL,0.00,NULL,NULL,NULL,1,NULL),(49,1,'BAYLIS',2,NULL,0.00,NULL,NULL,NULL,1,NULL),(50,1,'JACK DANIELS',2,NULL,0.00,NULL,NULL,NULL,1,NULL),(51,1,'WHITE LABEL',2,NULL,0.00,NULL,NULL,NULL,1,NULL),(52,1,'RON DORADO',2,NULL,2.00,NULL,NULL,NULL,1,NULL),(53,1,'JAGUERMASTER',2,NULL,0.00,NULL,NULL,NULL,1,NULL),(54,1,'CREMA ORUJO',2,NULL,0.00,NULL,NULL,NULL,1,NULL),(55,1,'LIMONCELO',2,NULL,2.00,NULL,NULL,NULL,1,NULL),(56,1,'GIRO',2,NULL,0.00,NULL,NULL,NULL,1,NULL),(57,1,'BOTANIC',2,NULL,0.00,NULL,NULL,NULL,1,NULL),(58,1,'DAURA',2,NULL,0.00,NULL,NULL,NULL,1,NULL),(59,1,'LARIOS',2,NULL,0.00,NULL,NULL,NULL,1,NULL),(60,1,'HENDRICK´S',2,NULL,2.00,NULL,NULL,NULL,1,NULL),(61,1,'APEROL',2,NULL,0.00,NULL,NULL,NULL,1,NULL),(62,1,'ANIS MONO',2,NULL,2.00,NULL,NULL,NULL,1,NULL),(63,1,'AGUA 1 1/2L.',2,NULL,1.00,NULL,NULL,NULL,1,NULL),(64,1,'TONICA SWEPPES',2,NULL,0.00,NULL,NULL,NULL,1,NULL),(65,1,'TRINA NARANJA',2,NULL,0.00,NULL,NULL,NULL,1,NULL),(66,1,'INEDIT',2,NULL,0.00,NULL,NULL,NULL,1,NULL),(67,1,'CHISTORRA CORTADA VACIO',3,NULL,2.00,NULL,NULL,NULL,1,'peso'),(68,1,'SALCHICHA PAIS VACIO',3,NULL,2.00,NULL,NULL,NULL,1,'peso'),(69,1,'MALAGUEÑA(morcilla cebolla)',3,NULL,3.00,NULL,NULL,NULL,1,'peso'),(70,1,'PINCHO MORUNO SALCHICHA',3,NULL,3.00,NULL,NULL,NULL,1,'peso'),(71,1,'PIKANTWURST ',3,NULL,6.00,NULL,NULL,NULL,1,'peso'),(72,1,'SUPER FRANKFURT 25CM.',3,NULL,4.00,NULL,NULL,NULL,1,'peso'),(73,1,'BRASTWURST ',3,NULL,3.00,NULL,NULL,NULL,1,'peso'),(74,1,'SUPER CERVELA 27CM.',3,NULL,4.00,NULL,NULL,NULL,1,'peso'),(75,1,'BUTIFARRA IBÉRICA',3,NULL,0.00,NULL,NULL,NULL,1,'peso'),(76,1,'FRANKFURT MEDIEVAL',3,NULL,1.00,0.00,22.00,0.00,1,'peso'),(77,1,'TIROLESA',3,NULL,1.00,NULL,NULL,NULL,1,'peso'),(78,1,'BOCKWURST',3,NULL,1.00,NULL,NULL,NULL,1,'peso'),(79,1,'SALSA MOSTAZA',3,NULL,1.00,NULL,NULL,NULL,1,'peso'),(80,1,'SALSA RANCHERA',3,NULL,1.00,NULL,NULL,NULL,1,'peso'),(81,1,'TARTA SANTIAGO',4,'1 / CAJA',0.00,NULL,NULL,NULL,1,NULL),(82,1,'SALTEADO VERDURAS/QUINOA',4,'10 Kg./ CAJA',0.00,NULL,NULL,NULL,1,NULL),(83,1,'TWISTER DE LANGOSTINOS',4,'21U./CAJA',0.00,NULL,NULL,NULL,1,NULL),(84,1,'ALMEJA MARRON',4,'6 Kg/CAJA',0.00,NULL,NULL,NULL,1,NULL),(85,1,'LOMO BACALAO JUMBO',4,'5 Kg/CAJA',0.00,NULL,NULL,NULL,1,NULL),(86,1,'BOQUERONES 70/90 Kg.',4,'6 Kg./CAJA',0.00,NULL,NULL,NULL,1,NULL),(87,1,'CALAMAR PATAGONICO TROCEADO',4,'4 Kg./CAJA',0.00,NULL,NULL,NULL,1,NULL),(88,1,'ENTRECOT TERNERA 180g.',4,'3 Kg./CAJA',0.00,NULL,NULL,NULL,1,NULL),(89,1,'PECHUGA POLLO S/INYECTAR',4,'5 Kg/CAJA',20.00,NULL,NULL,NULL,1,NULL),(90,1,'TIRAS POTON ',4,'5 Kg/CAJA',0.00,NULL,NULL,NULL,1,NULL),(91,1,'PIRULETA DE LANGOSTINOS',4,'99 U/CAJA',0.00,NULL,NULL,NULL,1,NULL),(92,1,'NACHO DE POLLO…',4,'45 U/CAJA',0.00,NULL,NULL,NULL,1,NULL),(93,1,'NACHO DE CHEDDAR…',4,'45 U/CAJA',0.00,NULL,NULL,NULL,1,NULL),(94,1,'COCTEL DE SETAS',4,'4 Kg./CAJA',0.00,NULL,NULL,NULL,1,NULL),(95,1,'PILPITOS ',4,'5 Kg/CAJA',0.00,NULL,NULL,NULL,1,NULL),(96,1,'BACALAO DESMIGADO',4,NULL,0.00,NULL,NULL,NULL,1,NULL),(97,1,'ACEITE GARRAFA 20L.',4,NULL,0.00,NULL,NULL,NULL,1,NULL),(98,1,'OLIVAS LATA KILO',4,NULL,0.00,NULL,NULL,NULL,1,NULL),(99,1,'torpedo',4,NULL,1.00,NULL,NULL,NULL,1,NULL),(100,1,'BURGUER BEYOND',4,NULL,1.00,NULL,NULL,NULL,1,NULL),(101,1,'FILETE BACALAO 500/1000',4,NULL,NULL,NULL,NULL,NULL,1,NULL),(102,1,'REDONDITOS POLLO DATILES',4,NULL,NULL,NULL,NULL,NULL,1,NULL),(103,1,'REDONDITOS POLLO CIRUELAS Y PIÑONES',4,NULL,NULL,NULL,NULL,NULL,1,NULL),(104,1,'YOGURT GRIEGO 3,5Kg',4,NULL,NULL,NULL,NULL,NULL,1,NULL),(105,1,'YOGURT NATURAL 2Kg',4,NULL,NULL,NULL,NULL,NULL,1,NULL),(106,1,'MOZZARELLA VACA(125gr/4)/7',5,NULL,0.00,NULL,NULL,NULL,1,NULL),(107,1,'SIROPE FRESA ',5,NULL,0.00,NULL,NULL,NULL,1,NULL),(108,1,'GRISSINI ROBERTO / CAJA',5,NULL,0.00,NULL,NULL,NULL,1,NULL),(109,1,'RAVIOLI CARNE (3Kg.) CAJA',5,NULL,NULL,NULL,NULL,NULL,1,NULL),(110,1,'TAGLIATELLE (3Kg.)CAJA',5,NULL,0.00,NULL,NULL,NULL,1,NULL),(111,1,'BASE PIZZA 29cm.(25U/CAJA)',5,NULL,0.00,NULL,NULL,NULL,1,NULL),(112,1,'BURRATINA DELIZIOSA',5,NULL,0.00,NULL,NULL,NULL,1,NULL),(113,1,'RAVIOLIS DE BURRATA',5,NULL,0.00,NULL,NULL,NULL,1,NULL),(114,1,'TORTELLINI RICOTTA Y ESPINACAS SIN GLUTEN',5,NULL,0.00,NULL,NULL,NULL,1,NULL),(115,1,'SALSA TARTUFO ',5,NULL,0.00,NULL,NULL,NULL,1,NULL),(116,1,'SALSA PESTO',5,NULL,0.00,NULL,NULL,NULL,1,NULL),(117,1,'GORGONZOLA',5,NULL,0.00,NULL,NULL,NULL,1,NULL),(118,1,'RICOTTA',5,NULL,0.00,NULL,NULL,NULL,1,NULL),(119,1,'AÑOJO MASA HAMBURGUESA(2Kg./BANDEJA)',6,NULL,4.00,NULL,NULL,NULL,1,NULL),(120,1,'SOLOMILLO CERDO 4Kg/CAJA',6,NULL,0.00,NULL,NULL,NULL,1,NULL),(121,1,'VAINA LIMPIA(pota calamar) 5kg/caja',6,NULL,1.00,NULL,NULL,NULL,1,NULL),(122,1,'PANNACOTTA (CAJA)',6,NULL,1.00,NULL,NULL,NULL,1,NULL),(123,1,'SEPIA CONGELADA(CAJA)',6,NULL,1.00,NULL,NULL,NULL,1,NULL),(124,1,'CHOCO CONGELADO(CAJA)',6,NULL,2.00,NULL,NULL,NULL,1,NULL),(125,1,'GAMBA CONGELADA(12Kg./CAJA)',6,NULL,0.00,NULL,NULL,NULL,1,NULL),(126,1,'SALMÓN AHUMADO PRECORTADO',6,NULL,0.00,NULL,NULL,NULL,1,NULL),(127,1,'EMPERADOR',6,NULL,0.00,NULL,NULL,NULL,1,NULL),(128,1,'MEJILLONES',6,NULL,2.00,NULL,NULL,NULL,1,NULL),(129,1,'PIZZAS',6,NULL,1.00,NULL,NULL,NULL,1,NULL),(130,1,'GAMBITAS PELADAS',6,NULL,1.00,NULL,NULL,NULL,1,NULL),(131,1,'ATUN RODAJAS',6,NULL,NULL,NULL,NULL,NULL,1,NULL),(132,1,'AGUA BEZOYA VID. 1L. ',7,'U/CAJA 12',0.00,1.00,0.00,0.00,1,NULL),(133,1,'AGUA BEZOYA VID. 500ml.',7,'U/CAJA 20',10.00,NULL,NULL,NULL,1,NULL),(134,1,'BEBIDA SOJA 1L.',7,'U/CAJA 6',1.00,NULL,NULL,NULL,1,NULL),(135,1,'LECHE INTENSE 1,5L.',7,'U/CAJA 8',10.00,NULL,NULL,NULL,1,NULL),(136,1,'LECHE S/LACT. 1L.',7,'U/CAJA 6',1.00,NULL,NULL,NULL,1,NULL),(137,1,'LECHE DESNATADA 1L.',7,'U/CAJA 6',1.00,NULL,NULL,NULL,1,NULL),(138,1,'BEBIDA AVENA 1L.',7,'U/CAJA 6',0.00,NULL,NULL,NULL,1,NULL),(139,1,'MANTEQ. BLOQUE 5Kg.',7,'U/CAJA 1',0.00,NULL,NULL,NULL,1,NULL),(140,1,'NATA 1L.',7,'U/CAJA 6',2.00,NULL,NULL,NULL,1,NULL),(141,1,'NATA SPRAY 500g.',7,'U/CAJA 6',1.00,NULL,NULL,NULL,1,NULL),(142,1,'KETCHUP HEINZ 2,5L',7,'U/CAJA 2',1.00,NULL,NULL,NULL,1,NULL),(143,1,'MERMELADA TARR.25g. MELO',7,'U/CAJA 96',0.00,NULL,NULL,NULL,1,NULL),(144,1,'TE VERDE/FLOR LATA 150g.',7,'U/CAJA 1',2.00,NULL,NULL,NULL,1,NULL),(145,1,'TE FRUT.BOSQUE LATA 150g.',7,'U/CAJA 1',0.00,NULL,NULL,NULL,1,NULL),(146,1,'TE ROIBOS TROPICAL 150g.',7,'U/CAJA 1',0.00,NULL,NULL,NULL,1,NULL),(147,1,'MANTEQUILLA 10g.',7,'U/CAJA 280',1.00,NULL,NULL,NULL,1,NULL),(148,1,'CASTELLANA DULCE 0,70L.',7,'U/CAJA 1',0.00,NULL,NULL,NULL,1,NULL),(149,1,'CERVEZA J.DANIELS LIMON',7,'U/CAJA 1+1(24uds.)',0.00,NULL,NULL,NULL,1,NULL),(150,1,'BALLANTINES 1L.',7,'U/CAJA 1',2.00,NULL,NULL,NULL,1,NULL),(151,1,'BEEFEATER 0,70L.',7,'U/CAJA 1',0.00,NULL,NULL,NULL,1,NULL),(152,1,'SEAGRAMS 0,70L.',7,'U/CAJA 1',0.00,NULL,NULL,NULL,1,NULL),(153,1,'TINTO RARUM JOVEN 75cl.',7,'U/CAJA 6',0.00,NULL,NULL,NULL,1,NULL),(154,1,'CORONITA 35cl.',7,'U/CAJA 24',0.00,NULL,NULL,NULL,1,NULL),(155,1,'LECHE CONDENSADA?',7,NULL,0.00,NULL,NULL,NULL,1,NULL),(156,1,'BEBIDA ALMENDRAS',7,NULL,1.00,NULL,NULL,NULL,1,NULL),(157,1,'MERMELADA TARR.25g. FRESA',7,NULL,1.00,NULL,NULL,NULL,1,NULL),(158,1,'VALDUBON VERDEJO 0',8,'U/CAJA 6',0.00,NULL,NULL,NULL,1,NULL),(159,1,'VIONTA ALBARIÑO 0',8,'U/CAJA 6',0.00,NULL,NULL,NULL,1,NULL),(160,1,'COP DE VENT BLANCO 0',8,'U/CAJA 6',0.00,NULL,NULL,NULL,1,NULL),(161,1,'FER VOLAR COLOMS BLANCO 0',8,'U/CAJA 6',8.00,1.00,1.00,6.00,1,NULL),(162,1,'PALETA IBÉRICA DESHUESADA',9,NULL,NULL,NULL,NULL,NULL,1,NULL),(163,1,'MOZZARELLA BARRA',9,NULL,3.00,NULL,NULL,NULL,1,NULL),(164,1,'CABRA RULO PURO',9,NULL,4.00,NULL,NULL,NULL,1,NULL),(165,1,'BURGOS FRESCO 1Kg.',9,NULL,0.00,NULL,NULL,NULL,1,NULL),(166,1,'BRIE MONSALVY 1Kg.',9,NULL,4.00,NULL,NULL,NULL,1,NULL),(167,1,'CHEDDAR NARANJA BARRA',9,NULL,1.00,NULL,NULL,NULL,1,NULL),(168,1,'SOBRASSADA TARRINA',9,NULL,0.00,NULL,NULL,NULL,1,NULL),(169,1,'LACÓN DESHUESADO',9,NULL,0.00,NULL,NULL,NULL,1,NULL),(170,1,'PECHUGA PAVO LONCHEADA',9,NULL,0.00,NULL,NULL,NULL,1,NULL),(171,1,'PARMESANO POLVO',9,NULL,0.00,NULL,NULL,NULL,1,NULL),(172,1,'PARMESANO GRANA PADANO 1/4',9,NULL,1.00,NULL,NULL,NULL,1,NULL),(173,1,'PROVOLONE DOLÇE ',9,NULL,0.50,NULL,NULL,NULL,1,NULL),(174,1,'OVEJA CURADO ',9,NULL,0.00,NULL,NULL,NULL,1,NULL),(175,1,'QUESO AL ROMERO',9,NULL,0.00,NULL,NULL,NULL,1,NULL),(176,1,'QUESO CREMA',9,NULL,1.00,NULL,NULL,NULL,1,NULL),(177,1,'GORGONZOLA',9,NULL,0.00,NULL,NULL,NULL,1,NULL),(178,1,'RICOTA',9,NULL,0.00,NULL,NULL,NULL,1,NULL),(179,1,'ROQUEFORT',9,NULL,1.00,NULL,NULL,NULL,1,NULL),(180,1,'CAMEMBERT',9,NULL,1.00,NULL,NULL,NULL,1,NULL),(181,1,'FOIE',9,NULL,1.00,NULL,NULL,NULL,1,NULL),(182,1,'QUESO VEGANO LONCHAS',9,NULL,0.00,NULL,NULL,NULL,1,NULL),(183,1,'PAVO ENTERO',9,NULL,1.00,NULL,NULL,NULL,1,NULL),(184,1,'QUESO FETA',9,NULL,1.00,NULL,NULL,NULL,1,NULL),(185,1,'YORK ?',9,NULL,NULL,NULL,NULL,NULL,1,NULL),(186,1,'QUESO SECO ',9,NULL,NULL,NULL,NULL,NULL,1,NULL),(187,1,'PLATONIL LMA PLUS',10,'CAP./UNID. 12',0.00,NULL,NULL,NULL,1,NULL),(188,1,'ABRILLANTADOR',10,'CAP./UNID. 10',0.00,NULL,NULL,NULL,1,NULL),(189,1,' SAL COMPACTA',10,'CAP./UNID. 25',0.00,NULL,NULL,NULL,1,NULL),(190,1,'LEJIA',10,'CAP./UNID. 15L',0.00,NULL,NULL,NULL,1,NULL),(191,1,'PK.LIMPIA PARKET',10,'CAP./UNID. 5L',0.00,NULL,NULL,NULL,1,NULL),(192,1,'GEL HIDROALCOHOLICO',10,'CAP./UNID. 5L',0.00,NULL,NULL,NULL,1,NULL),(193,1,'SECAMANOS ROYO 6U.',10,'CAP./UNID. 1(6us.)',0.00,NULL,NULL,NULL,1,NULL),(194,1,'HIGIENICO ',10,'CAP./UNID. 1(18uds.)',0.00,NULL,NULL,NULL,1,NULL),(195,1,'SERV.30X30 BLANCA',10,'CAP./UNID. 1(4000uds.)',0.00,NULL,NULL,NULL,1,NULL),(196,1,'SERV.40X40 BLANCA',10,'CAP./UNID. 1 (2400uds.)',0.00,NULL,NULL,NULL,1,NULL),(197,1,'TOALLA MANO TISSUE ',10,'CAP./UNID. 1 (20 PAQ.)',0.00,NULL,NULL,NULL,1,NULL),(198,1,'MANTEL NOVOTEX BURDEOS 30X40',10,'CAP./UNID. 1 (500uds.)',0.00,NULL,NULL,NULL,1,NULL),(199,1,'SENSI DERMO ',10,'CAP./UNID. 5L.',0.00,NULL,NULL,NULL,1,NULL),(200,1,'FILM PLASTICO 30X300',10,'CAP./UNID. 1 (3 ROYOS)',0.00,NULL,NULL,NULL,1,NULL),(201,1,'TARRINA PEQUEÑA',10,NULL,0.00,NULL,NULL,NULL,1,NULL),(202,1,'PAPEL PLATA',10,NULL,0.00,NULL,NULL,NULL,1,NULL),(203,1,'TARRIAS LLEVAR /TAPA',10,'CAP./UNID. CAJA',0.00,NULL,NULL,NULL,1,NULL),(204,1,'PALILLOS FUNDA',10,'CAP./UNID. CAJA',0.00,NULL,NULL,NULL,1,NULL),(205,1,'CAÑITAS ENFUNDADAS',10,'CAP./UNID. PAQUETE',0.00,NULL,NULL,NULL,1,NULL),(206,1,'1906 MEDIANA',11,NULL,0.00,NULL,NULL,NULL,1,NULL),(207,1,'1906 RED VINTAGE 1/3',11,NULL,0.00,NULL,NULL,NULL,1,NULL),(208,1,'GALICIA 0,0',11,NULL,2.00,NULL,NULL,NULL,1,NULL),(209,1,'GALICIA MEDIANA',11,NULL,10.00,NULL,NULL,NULL,1,NULL),(210,1,'DESPERADOS',11,NULL,0.00,NULL,NULL,NULL,1,NULL),(211,1,'PUNK IPA',11,NULL,0.00,NULL,NULL,NULL,1,NULL),(212,1,'FRANCISCANER',11,NULL,1.00,NULL,NULL,NULL,1,NULL),(213,1,'COCHINILLO LECHON CORTADO 6Kg.',12,NULL,0.00,NULL,NULL,NULL,1,NULL),(214,1,'SOLOMILLO CERDO 8kg.',12,NULL,0.00,NULL,NULL,NULL,1,NULL),(215,1,'BACALAO LOMO JUMBO 5Kg.',12,NULL,0.00,NULL,NULL,NULL,1,NULL),(216,1,'BOQUERON LONJA 6Kg.',12,NULL,0.00,NULL,NULL,NULL,1,NULL),(217,1,'CALAMAR PATAGONICO TROCEADO 6Kg.',12,NULL,0.00,NULL,NULL,NULL,1,NULL),(218,1,'ESPADA RODAJA 6Kg.',12,NULL,0.00,NULL,NULL,NULL,1,NULL),(219,1,'PULPO COCIDO ENTERO ',12,NULL,0.00,NULL,NULL,NULL,1,NULL),(220,1,'P. PIQUILLO RELLENO BACALAO 4Kg.',12,NULL,0.00,NULL,NULL,NULL,1,NULL),(221,1,'SOLOMILLO ESTILO KENTUKY 4Kg.',12,NULL,0.00,NULL,NULL,NULL,1,NULL),(222,1,' ROYAL BLIS YUZU VR.20/24',13,NULL,0.00,NULL,NULL,NULL,1,NULL),(223,1,'COCA COLA VR.237/24',13,NULL,0.00,NULL,NULL,NULL,1,NULL),(224,1,'NESTEA LIM. VR.30/24',13,NULL,4.00,NULL,NULL,NULL,1,NULL),(225,1,'ACUARIUS LIM.VR.30/24',13,NULL,2.00,NULL,NULL,NULL,1,NULL),(226,1,'ACUARIUS NAR.VR.30/24',13,NULL,1.00,NULL,NULL,NULL,1,NULL),(227,1,'COCA COLA VR.35/24',13,NULL,5.00,NULL,NULL,NULL,1,NULL),(228,1,'COCA COLA ZERO VR.35/24',13,NULL,5.00,NULL,NULL,NULL,1,NULL),(229,1,'FANTA NAR.VR35/24',13,NULL,1.00,NULL,NULL,NULL,1,NULL),(230,1,'FANTA LIM.VR35/24',13,NULL,1.00,NULL,NULL,NULL,1,NULL),(231,1,'SPITE VR.35/24',13,NULL,8.00,0.00,0.00,8.00,1,NULL),(232,1,'COCA COLA LATA 0,33/28',13,NULL,2.00,NULL,NULL,NULL,1,NULL),(233,1,'COCA COLA ZERO 0,33/28',13,NULL,4.00,NULL,NULL,NULL,1,NULL),(234,1,'FANTA NAR.0,33/28',13,NULL,1.00,NULL,NULL,NULL,1,NULL),(235,1,'FANTA LIM LATA',13,NULL,0.00,NULL,NULL,NULL,1,NULL),(236,1,'COCA COLA LIGHT 350',13,NULL,0.00,NULL,NULL,NULL,1,NULL),(237,1,'COLA DOBLE ZERO 350',13,NULL,1.00,NULL,NULL,NULL,1,NULL),(238,1,'ZUMO PIÑA',13,NULL,0.00,NULL,NULL,NULL,1,NULL),(239,1,'ZUMO MELOCOTON',13,NULL,0.00,NULL,NULL,NULL,1,NULL),(240,1,'ZUMO NARANJA',13,NULL,0.00,NULL,NULL,NULL,1,NULL),(241,1,'ROYAL BLIS BERRY',13,NULL,0.00,1.00,0.00,0.00,1,NULL),(242,1,'TONICA BLIS',13,NULL,1.00,NULL,NULL,NULL,1,NULL),(243,1,'PECHUGA POLLO 2,5Kg.',14,NULL,0.00,NULL,NULL,NULL,1,NULL),(244,1,'LONGANIZA',14,NULL,4.00,NULL,NULL,NULL,1,NULL),(245,1,'BEICON',14,NULL,5.00,NULL,NULL,NULL,1,NULL),(246,1,'YORK BARRA',14,NULL,1.00,NULL,NULL,NULL,1,NULL),(247,1,'QUESO BARRA',14,NULL,2.00,NULL,NULL,NULL,1,NULL),(248,1,'PICHOS MORUNO',14,NULL,0.00,NULL,NULL,NULL,1,NULL),(249,1,'MORROS CORTADO FRESCO',14,NULL,0.00,NULL,NULL,NULL,1,NULL),(250,1,'CHORIZO IBÉRICO',14,NULL,0.00,NULL,NULL,NULL,1,NULL),(251,1,'SALCHICHON IBÉRICO',14,NULL,0.00,NULL,NULL,NULL,1,NULL),(252,1,'CODILLO',14,NULL,1.00,NULL,NULL,NULL,1,NULL),(253,1,'QUESO SEMI',14,NULL,0.00,NULL,NULL,NULL,1,NULL),(254,1,'COSTILLAS CORDERO',14,NULL,0.00,NULL,NULL,NULL,1,NULL),(255,1,'SERRANO',14,NULL,1.00,NULL,NULL,NULL,1,NULL),(256,1,'LOMO CAÑA',14,NULL,4.00,NULL,NULL,NULL,1,NULL),(257,1,'PINCHOS COCHINILLO',14,NULL,0.00,NULL,NULL,NULL,1,NULL),(258,1,'BISTEC TERNERA',14,NULL,0.00,NULL,NULL,NULL,1,NULL),(259,1,'SALCHICHAS PAIS',14,NULL,0.00,NULL,NULL,NULL,1,NULL),(260,1,'BUTIFARRA PEGES',14,NULL,0.00,NULL,NULL,NULL,1,NULL),(261,1,'OREJAS DE CERDO',14,NULL,0.00,NULL,NULL,NULL,1,NULL),(262,1,'BURGUER POLLO',14,NULL,0.00,NULL,NULL,NULL,1,NULL),(263,1,'BOQUERONES VINAGRE',14,NULL,0.00,NULL,NULL,NULL,1,NULL),(264,1,'ANCHOAS VINAGRETA',14,NULL,0.00,NULL,NULL,NULL,1,NULL),(265,1,'FRANKFURT',14,NULL,0.00,NULL,NULL,NULL,1,NULL),(266,1,'PICADA TERNERA',14,NULL,0.00,NULL,NULL,NULL,1,NULL),(267,1,'CHISTORRA',14,NULL,0.00,NULL,NULL,NULL,1,NULL),(268,1,'CHORICITOS GORDOS',14,NULL,0.00,NULL,NULL,NULL,1,NULL),(269,1,'ACEITE FREIDORA 25L.',15,NULL,0.00,NULL,NULL,NULL,1,NULL),(270,1,'PAN RAYADO 5Kg.',15,NULL,2.00,NULL,NULL,NULL,1,NULL),(271,1,'ESPAGUETIS 5kg.',15,NULL,0.00,NULL,NULL,NULL,1,NULL),(272,1,'ARROZ BRAZAL 1kg.',15,NULL,1.00,NULL,NULL,NULL,1,NULL),(273,1,'ANCHOAS CARTA',15,NULL,0.00,NULL,NULL,NULL,1,NULL),(274,1,'ANCHOAS MENU',15,NULL,0.00,NULL,NULL,NULL,1,NULL),(275,1,'AL I OLI 2kg.',15,NULL,2.00,NULL,NULL,NULL,1,NULL),(276,1,'AZUCAR',15,NULL,0.00,NULL,NULL,NULL,1,NULL),(277,1,'OLIVAS RELLENAS  1kg.(180/200)',15,NULL,1.00,NULL,NULL,NULL,1,NULL),(278,1,'MAYONESA 5kg MILLLAS SUPREM',15,NULL,2.00,NULL,NULL,NULL,1,NULL),(279,1,'MAIZ 3Kg.',15,NULL,3.00,NULL,NULL,NULL,1,NULL),(280,1,'KETCHUP 300gr. PLASTICO',15,NULL,0.00,NULL,NULL,NULL,1,NULL),(281,1,'ZANAHORIA RAYADA 3Kg.',15,NULL,3.00,NULL,NULL,NULL,1,NULL),(282,1,'ALMENDRAS /FREIR',15,NULL,0.00,NULL,NULL,NULL,1,NULL),(283,1,'ACEITUNAS NEGRAS',15,NULL,0.00,NULL,NULL,NULL,1,NULL),(284,1,'COCKTEL FRUTOS SECOS',15,NULL,0.00,NULL,NULL,NULL,1,NULL),(285,1,'HARINA PESCADO',15,NULL,1.00,NULL,NULL,NULL,1,NULL),(286,1,'PIMENTON DULCE',15,NULL,0.00,NULL,NULL,NULL,1,NULL),(287,1,'TOMATE FRITO GIDA',15,NULL,3.00,NULL,NULL,NULL,1,NULL),(288,1,'SALSA SOJA 2L.',15,NULL,1.00,NULL,NULL,NULL,1,NULL),(289,1,'SIROPE FRESA',15,NULL,1.00,NULL,NULL,NULL,1,NULL),(290,1,'SALSA BARBACOA',15,NULL,0.00,NULL,NULL,NULL,1,NULL),(291,1,'SALSA TERIYAKI',15,NULL,1.00,NULL,NULL,NULL,1,NULL),(292,1,'OREGANO',15,NULL,0.00,NULL,NULL,NULL,1,NULL),(293,1,'CREMA DE MÓDENA',15,NULL,1.00,NULL,NULL,NULL,1,NULL),(294,1,'SALSA BRAVA',15,NULL,0.00,NULL,NULL,NULL,1,NULL),(295,1,'CHOCOLATE POLVO',15,NULL,0.00,NULL,NULL,NULL,1,NULL),(296,1,'ALMENDRA PICADA',15,NULL,1.00,NULL,NULL,NULL,1,NULL),(297,1,'ATÚN BOLSA 1kg.',15,NULL,6.00,NULL,NULL,NULL,1,NULL),(298,1,'PALMITOS',15,NULL,0.00,NULL,NULL,NULL,1,NULL),(299,1,'ESPARRAGOS',15,NULL,0.00,NULL,NULL,NULL,1,NULL),(300,1,'COMBINADO OLIVAS',15,NULL,1.00,NULL,NULL,NULL,1,NULL),(301,1,'MACARRONES 5kg.',15,NULL,0.00,NULL,NULL,NULL,1,NULL),(302,1,'FUSILIS',15,NULL,0.00,NULL,NULL,NULL,1,NULL),(303,1,'PIQUILLOS 1/2',15,NULL,2.00,NULL,NULL,NULL,1,NULL),(304,1,'MELOCOTON',15,NULL,0.00,NULL,NULL,NULL,1,NULL),(305,1,'ACEITE OLIVA VIRGEN 5L.',15,NULL,1.00,NULL,NULL,NULL,1,NULL),(306,1,'SAL FINA SECA /Kg.',15,NULL,0.00,NULL,NULL,NULL,1,NULL),(307,1,'CANELA RAMA',15,NULL,0.00,NULL,NULL,NULL,1,NULL),(308,1,'PIMIENTA MOLIDA 1kg.',15,NULL,0.00,NULL,NULL,NULL,1,NULL),(309,1,'PIMIENTA GRANO',15,NULL,0.00,NULL,NULL,NULL,1,NULL),(310,1,'NUEZ MOSCADA',15,NULL,0.00,NULL,NULL,NULL,1,NULL),(311,1,'MAICENA',15,NULL,0.00,NULL,NULL,NULL,1,NULL),(312,1,'PIÑA LATA 1kg.',15,NULL,0.00,NULL,NULL,NULL,1,NULL),(313,1,'MOSTAZA 300gr.',15,NULL,0.00,NULL,NULL,NULL,1,NULL),(314,1,'NUECES PELADAS',15,NULL,1.00,NULL,NULL,NULL,1,NULL),(315,1,'COLORANTE PAELLA',15,NULL,0.00,NULL,NULL,NULL,1,NULL),(316,1,'ACEITE MESA',15,NULL,1.00,NULL,NULL,NULL,1,NULL),(317,1,'VINAGRE MESA',15,NULL,0.00,NULL,NULL,NULL,1,NULL),(318,1,'CHIPOTLE',15,NULL,0.00,NULL,NULL,NULL,1,NULL),(319,1,'MOUSE CHOCO',15,NULL,0.00,NULL,NULL,NULL,1,NULL),(320,1,'BERENJENA',16,'Uds.',8.00,NULL,NULL,NULL,1,NULL),(321,1,'ESPINACAS',16,'BOLSAS',1.00,NULL,NULL,NULL,1,NULL),(322,1,'CEBOLLA',16,'KILOS',0.00,NULL,NULL,NULL,1,NULL),(323,1,'CHAMPIÑON',16,'KILOS',1.00,NULL,NULL,NULL,1,NULL),(324,1,'LECHUGA',16,'Uds.',6.00,NULL,NULL,NULL,1,NULL),(325,1,'CEBOLLA MORADA',16,'KILOS',1.00,NULL,NULL,NULL,1,NULL),(326,1,'PIMIENTO VERDE',16,'Uds.',6.00,NULL,NULL,NULL,1,NULL),(327,1,'PIMIENTO PADRON',16,'KILOS',1.00,NULL,NULL,NULL,1,NULL),(328,1,'PIMIENTO ROJO',16,'Uds.',6.00,NULL,NULL,NULL,1,NULL),(329,1,'FRESAS ',16,'CAJAS',1.00,NULL,NULL,NULL,1,NULL),(330,1,'CANONIGOS',16,'PAQUETES',1.00,NULL,NULL,NULL,1,NULL),(331,1,'MEZCLUM',16,'PAQUETES',2.00,NULL,NULL,NULL,1,NULL),(332,1,'CHERRIES',16,'BANDEJAS',1.00,NULL,NULL,NULL,1,NULL),(333,1,'TOMATE VERDE',16,'CAJA',2.00,NULL,NULL,NULL,1,NULL),(334,1,'TOMATE UNTAR',16,'CAJA',2.00,NULL,NULL,NULL,1,NULL),(335,1,'RUCULA',16,'PAQUETES',1.00,NULL,NULL,NULL,1,NULL),(336,1,'AGUACATE',16,'Uds.',1.00,NULL,NULL,NULL,1,NULL),(337,1,'CALABACIN',16,'Uds.',1.00,NULL,NULL,NULL,1,NULL),(338,1,'NARANJAS',16,'KILOS',1.00,NULL,NULL,NULL,1,NULL),(339,1,'MANZANA',16,'KILOS',1.00,NULL,NULL,NULL,1,NULL),(340,1,'LIMONES',16,'KILOS',1.00,NULL,NULL,NULL,1,NULL),(341,1,'ZANAHORIA',16,'KILOS',1.00,NULL,NULL,NULL,1,NULL),(342,1,'PUERROS',16,'Uds.',0.00,NULL,NULL,NULL,1,NULL),(343,1,'REPOLLO',16,' ',0.00,NULL,NULL,NULL,1,NULL),(344,1,'PEREJIL',16,' ',0.00,NULL,NULL,NULL,1,NULL),(345,1,'AJOS',16,' ',0.00,NULL,NULL,NULL,1,NULL),(346,1,'PLATANO',16,' ',1.00,NULL,NULL,NULL,1,NULL),(347,1,'PIÑA',16,' ',1.00,NULL,NULL,NULL,1,NULL),(348,1,'MELÓN',16,' ',1.00,NULL,NULL,NULL,1,NULL),(349,1,'SANDIA',16,' ',1.00,NULL,NULL,NULL,1,NULL),(350,1,'PEPINO',16,'UDS.',0.00,NULL,NULL,NULL,1,NULL),(351,1,'LIMAS',16,' ',1.00,NULL,NULL,NULL,1,NULL),(352,1,'HAMBURGUESA POLLO REBOZADA',17,NULL,NULL,NULL,NULL,NULL,1,NULL),(353,1,'COSTILLAR CERDO',17,NULL,NULL,NULL,NULL,NULL,1,NULL),(354,1,'ALITAS POLLO',18,NULL,1.00,NULL,NULL,NULL,1,NULL),(355,1,'CROQUETAS COCIDO',18,NULL,0.00,NULL,NULL,NULL,1,NULL),(356,1,'TIRAS DE POTON',18,NULL,1.00,NULL,NULL,NULL,1,NULL),(357,1,'ATUN RODAJAS',18,NULL,1.00,NULL,NULL,NULL,1,NULL),(358,1,'MERLUZA LOMO PIEL',18,NULL,1.00,NULL,NULL,NULL,1,NULL),(359,1,'POLLO KENTUKY',18,NULL,0.00,NULL,NULL,NULL,1,NULL),(360,1,'POLLO CUARTO TRASERO',18,NULL,1.00,NULL,NULL,NULL,1,NULL),(361,1,'JAMONCITOS POLLO',18,NULL,1.00,NULL,NULL,NULL,1,NULL),(362,1,'SALMON RODAJAS',18,NULL,1.00,NULL,NULL,NULL,1,NULL),(363,1,'ALBÓNDIGAS SUECAS',18,NULL,1.00,NULL,NULL,NULL,1,NULL),(364,1,'SECRETO CERDO VACIO',18,NULL,0.00,NULL,NULL,NULL,1,NULL),(365,1,'SOLOMILLO CERDO',18,NULL,2.00,NULL,NULL,NULL,1,NULL),(366,1,'BACALAO FILETE',18,NULL,1.00,NULL,NULL,NULL,1,NULL),(367,1,'CREMOSO GRANEL',18,NULL,1.00,NULL,NULL,NULL,1,NULL),(368,1,'ENSALADILLA',18,NULL,2.00,NULL,NULL,NULL,1,NULL),(369,1,'TRUFAS HELADAS',18,NULL,1.00,NULL,NULL,NULL,1,NULL),(370,1,'CODILLOS',18,NULL,0.00,NULL,NULL,NULL,1,NULL),(371,1,'CROQUETAS IBÉRICO',18,NULL,0.00,NULL,NULL,NULL,1,NULL),(372,1,'GAMBA ROJA PELADA',18,NULL,0.00,NULL,NULL,NULL,1,NULL),(373,1,'PROFITEROLES',18,NULL,0.00,NULL,NULL,NULL,1,NULL),(374,1,'CALAMAR POTA',18,NULL,1.00,NULL,NULL,NULL,1,NULL),(375,1,'CROQUETAS POLLO',18,NULL,1.00,NULL,NULL,NULL,1,NULL),(376,1,'ALMEJA MARRON',18,NULL,0.00,NULL,NULL,NULL,1,NULL),(377,1,'BACALAO DESMIGADO',18,NULL,0.00,NULL,NULL,NULL,1,NULL),(378,1,'ENTRECOT',19,NULL,NULL,NULL,NULL,NULL,1,NULL),(379,1,'CHULETON',19,NULL,NULL,NULL,NULL,NULL,1,NULL),(380,1,'PICADA',19,NULL,NULL,NULL,NULL,NULL,1,NULL),(381,1,'SOLOMILLO',19,NULL,NULL,NULL,NULL,NULL,1,NULL),(382,1,'CHURRASCO',19,NULL,NULL,NULL,NULL,NULL,1,NULL),(383,1,'BISTEC',19,NULL,NULL,NULL,NULL,NULL,1,NULL),(384,1,'COL VERDE',20,NULL,0.00,NULL,NULL,NULL,1,NULL),(385,1,'GUACAMOLE',20,NULL,5.00,NULL,NULL,NULL,1,NULL),(386,1,'MONCHETAS BLANCA',20,NULL,2.00,NULL,NULL,NULL,1,NULL),(387,1,'YOGURT DANONE NAT.',20,NULL,0.00,NULL,NULL,NULL,1,NULL),(388,1,'TOMATE ENSALADA',20,NULL,0.00,NULL,NULL,NULL,1,NULL),(389,1,'COL LISA',20,NULL,0.00,NULL,NULL,NULL,1,NULL),(390,1,'FIDEOS FIDEUA',20,NULL,0.00,NULL,NULL,NULL,1,NULL),(391,1,'BUTIFARRA CEBOLLA',20,NULL,0.00,NULL,NULL,NULL,1,NULL),(392,1,'HABITAS',20,NULL,1.00,NULL,NULL,NULL,1,NULL),(393,1,'NARANJA ZUMO',20,NULL,0.00,NULL,NULL,NULL,1,NULL),(394,1,'JABON PICA',20,NULL,0.00,NULL,NULL,NULL,1,NULL),(395,1,'NACHOS',20,NULL,5.00,NULL,NULL,NULL,1,NULL),(396,1,'DESENGRASANTE',20,NULL,1.00,NULL,NULL,NULL,1,NULL),(397,1,'MASA PASTA',20,NULL,2.00,NULL,NULL,NULL,1,NULL),(398,1,'BAYETAS',20,NULL,2.00,NULL,NULL,NULL,1,NULL),(399,1,'SALSA M&M',20,NULL,0.00,NULL,NULL,NULL,1,NULL),(400,1,'ICEBERG',20,NULL,0.00,NULL,NULL,NULL,1,NULL),(401,1,'LIMONES',20,NULL,5.00,NULL,NULL,NULL,1,NULL),(402,1,'ZANAHORIA',20,NULL,0.00,NULL,NULL,NULL,1,NULL),(403,1,'PERA CONFITADA',20,NULL,0.00,NULL,NULL,NULL,1,NULL),(404,1,'LECHUGA GOURMET',20,NULL,0.00,NULL,NULL,NULL,1,NULL),(405,1,'TABLETA CHOCOLATE',20,NULL,2.00,NULL,NULL,NULL,1,NULL),(406,1,'SALSA SWEET CH',20,NULL,1.00,NULL,NULL,NULL,1,NULL),(407,1,'CHAMPIÑONES',20,NULL,0.00,NULL,NULL,NULL,1,NULL),(408,1,'TOMATE PERA',20,NULL,0.00,NULL,NULL,NULL,1,NULL),(409,1,'CARNE PICADA',20,NULL,0.00,NULL,NULL,NULL,1,NULL),(410,1,'BRAZO GITANO NATA',20,NULL,2.00,NULL,NULL,NULL,1,NULL),(411,1,'PLATANOS',20,NULL,0.00,NULL,NULL,NULL,1,NULL),(412,1,'GELATINA NEUTRA',20,NULL,2.00,NULL,NULL,NULL,1,NULL),(413,1,'BALSAMICO MANZANA',20,NULL,1.00,NULL,NULL,NULL,1,NULL),(414,1,'MAYA DORADA',20,NULL,1.00,NULL,NULL,NULL,1,NULL),(415,1,'GUANTES',20,NULL,1.00,NULL,NULL,NULL,1,NULL),(416,1,'PAN RAYADO',20,NULL,5.00,NULL,NULL,NULL,1,NULL),(417,1,'SETAS',20,NULL,0.00,NULL,NULL,NULL,1,NULL),(418,1,'QUESO CREMA',20,NULL,0.00,NULL,NULL,NULL,1,NULL),(419,1,'GALLETAS  MARIA',20,NULL,2.00,NULL,NULL,NULL,1,NULL),(420,1,'MANZANA VERDE',20,NULL,0.00,NULL,NULL,NULL,1,NULL),(421,1,'PANCETA',20,NULL,1.00,NULL,NULL,NULL,1,NULL),(422,1,'ARROZ BAZAL',20,NULL,0.00,NULL,NULL,NULL,1,NULL),(423,1,'MACARRONES ',20,NULL,0.00,NULL,NULL,NULL,1,NULL),(424,1,'ESPAGUETIS',20,NULL,0.00,NULL,NULL,NULL,1,NULL),(425,1,'GALLETAS HELADO',20,NULL,2.00,NULL,NULL,NULL,1,NULL),(426,1,'FLY MOSQUITOS',20,NULL,2.00,NULL,NULL,NULL,1,NULL),(427,1,'PALILLOS CON FUNDA',20,NULL,0.00,NULL,NULL,NULL,1,NULL),(6903,1,'VICHY CATALAN RET.25cl',2,'CAJA',0.00,0.00,0.00,0.00,30,'unid. 24'),(6904,1,'ESTRELLA DAMM RET.1/3',2,'CAJA',0.00,0.00,0.00,0.00,30,'unid. 24'),(6905,1,'VOLL DAMM RET. 1/3',2,'CAJA',0.00,0.00,0.00,0.00,30,'unid. 24'),(6906,1,'DAMM LEMON RET. 1/3',2,'CAJA',0.00,0.00,0.00,0.00,30,'unid. 24'),(6907,1,'ESTRELLA DAMM LATA 33cl',2,'CAJA',0.00,0.00,0.00,0.00,30,'unid. 24'),(6908,1,'ESTRELLA DAMM BARRIL 30L',2,'BARRIL',0.00,0.00,0.00,0.00,30,'unid. 30'),(6909,1,'TURIA BARRIL 30L',2,'BARRIL',0.00,0.00,0.00,0.00,30,'unid. 30'),(6910,1,'COMPLOT BARRIL 20L',2,'BARRIL',0.00,0.00,0.00,0.00,30,'unid. 20'),(6911,1,'VERY PET.33cl',2,'CAJA',0.00,0.00,0.00,0.00,30,'unid. 35'),(6912,1,'CACAOLAT RET.20cl',2,'CAJA',0.00,0.00,0.00,0.00,30,'unid. 30'),(6913,1,'FREE DAMM RET. 1/3',2,'CAJA',0.00,0.00,0.00,0.00,30,'unid. 24'),(6914,1,'FREE DAMM LEMON RET. 1/3',2,'CAJA',0.00,0.00,0.00,0.00,30,'unid. 24'),(6915,1,'FREE DAMM TOSTADA RET. 1/3',2,'CAJA',0.00,0.00,0.00,0.00,30,'unid. 24'),(6916,1,'A.K. DAMMS/R 1/3',2,'CAJA',0.00,0.00,0.00,0.00,30,'unid. 24'),(6917,1,'CO2 DAMM TUBO 8 KILOS',2,'TUBO',0.00,0.00,0.00,0.00,30,'unid. 8'),(6918,1,'ORUJO DE HIER.PANIZO CRISTAL',2,'BOT.',0.00,0.00,0.00,0.00,30,'unid. 1'),(6919,1,'RUEDAS 4 RAYAS VERDEJO C/6',2,'CAJA',0.00,0.00,0.00,0.00,30,'unid. 6'),(6920,1,'EMBASE BARRIL 20L.',2,'BARRIL',0.00,0.00,0.00,0.00,30,'unid. 1'),(6921,1,'EMBASE TUBO DAMM',2,'TUBO',0.00,0.00,0.00,0.00,30,'unid. 1'),(6922,1,'CAJA 1/3 LONG NECK',2,'CAJA',0.00,0.00,0.00,0.00,30,'unid. 1'),(6923,1,'CAJA VICHY1/4L.',2,'CAJA',0.00,0.00,0.00,0.00,30,'unid. 1'),(6924,1,'CAJA CACAOLAT 1/4 L.',2,'CAJA',0.00,0.00,0.00,0.00,30,'unid. 1'),(6925,1,'EMBASES 30 L.',2,'BARRIL',0.00,0.00,0.00,0.00,30,'unid. 1'),(6926,1,'WHISKY J. WALKER ET ROJA 70CL.',2,'BOT.',0.00,0.00,0.00,0.00,30,'unid. 1'),(6927,1,'WHISKY LAGAVULIN 16 AÑOS 70CL',2,'BOT.',0.00,0.00,0.00,0.00,30,'unid. 1'),(6928,1,'LICOR GROSELLA RIVES 1L.',2,'BOT.',0.00,0.00,0.00,0.00,30,'unid. 1'),(6929,1,'BRANDY SOBERANO 1L.',2,'BOT.',0.00,0.00,0.00,0.00,30,'unid. 1'),(6930,1,'BRANDY CENTENARIO TERRY 1L.',2,'BOT.',0.00,0.00,0.00,0.00,30,'unid. 1'),(6931,1,'VERMUT MARTINI NEGRO 1L.',2,'BOT.',0.00,0.00,0.00,0.00,30,'unid. 1'),(6932,1,'VERMUT MARTINI BLANCO 1L.',2,'BOT.',0.00,0.00,0.00,0.00,30,'unid. 1'),(6933,1,'RON BARCELO AÑEJO 70CL.',2,'BOT.',0.00,0.00,0.00,0.00,30,'unid. 1'),(6934,1,'RON PUYOL 1L.',2,'BOT.',0.00,0.00,0.00,0.00,30,'unid. 1'),(6935,1,'RON HABANA CLUB 7 AÑOS 70CL.',2,'BOT.',0.00,0.00,0.00,0.00,30,'unid. 1'),(6936,1,'LICOR MANZANA S/AL 70CL.',2,'BOT.',0.00,0.00,0.00,0.00,30,'unid. 1'),(6937,1,'LICOR MELOCOTON 70CL.',2,'BOT.',0.00,0.00,0.00,0.00,30,'unid. 1'),(6938,1,'LICOR PONCHE CABALLERO 70CL.',2,'BOT.',0.00,0.00,0.00,0.00,30,'unid. 1'),(6939,1,'LICOR PACHARAN ZOCO 1L.',2,'BOT.',0.00,0.00,0.00,0.00,30,'unid. 1'),(6940,1,'LICOR 43 70CL.',2,'BOT.',0.00,0.00,0.00,0.00,30,'unid. 1'),(6941,1,'ORUJO CAFÉ PANIZO 70CL.',2,'BOT.',0.00,0.00,0.00,0.00,30,'unid. 1'),(6942,1,'LICOR COINTREAU 70CL.',2,'BOT.',0.00,0.00,0.00,0.00,30,'unid. 1'),(6943,1,'GRANINI NARANJA 20CL.',2,'CAJA',0.00,0.00,0.00,0.00,30,'unid. 30'),(6944,1,'VASO CHUPITO 4CL.',2,'CAJA',0.00,0.00,0.00,0.00,30,'unid. 12'),(6945,1,'BACARDI',2,NULL,0.00,0.00,0.00,0.00,30,NULL),(6946,1,'BEFETER',2,NULL,0.00,0.00,0.00,0.00,30,NULL),(6947,1,'SEAGRAMS',2,NULL,0.00,0.00,0.00,0.00,30,NULL),(6948,1,'TANQUERAY',2,NULL,0.00,0.00,0.00,0.00,30,NULL),(6949,1,'CACIQUE',2,NULL,0.00,0.00,0.00,0.00,30,NULL),(6950,1,'CARDHÚ',2,NULL,0.00,0.00,0.00,0.00,30,NULL),(6951,1,'BAYLIS',2,NULL,0.00,0.00,0.00,0.00,30,NULL),(6952,1,'JACK DANIELS',2,NULL,0.00,0.00,0.00,0.00,30,NULL),(6953,1,'WHITE LABEL',2,NULL,0.00,0.00,0.00,0.00,30,NULL),(6954,1,'RON DORADO',2,NULL,0.00,0.00,0.00,0.00,30,NULL),(6955,1,'JAGUERMASTER',2,NULL,0.00,0.00,0.00,0.00,30,NULL),(6956,1,'CREMA ORUJO',2,NULL,0.00,0.00,0.00,0.00,30,NULL),(6957,1,'LIMONCELO',2,NULL,0.00,0.00,0.00,0.00,30,NULL),(6958,1,'GIRO',2,NULL,0.00,0.00,0.00,0.00,30,NULL),(6959,1,'BOTANIC',2,NULL,0.00,0.00,0.00,0.00,30,NULL),(6960,1,'DAURA',2,NULL,0.00,0.00,0.00,0.00,30,NULL),(6961,1,'LARIOS',2,NULL,0.00,0.00,0.00,0.00,30,NULL),(6962,1,'HENDRICK´S',2,NULL,0.00,0.00,0.00,0.00,30,NULL),(6963,1,'APEROL',2,NULL,0.00,0.00,0.00,0.00,30,NULL),(6964,1,'ANIS MONO',2,NULL,0.00,0.00,0.00,0.00,30,NULL),(6965,1,'AGUA 1 1/2L.',2,NULL,0.00,0.00,0.00,0.00,30,NULL),(6966,1,'TONICA SWEPPES',2,NULL,0.00,0.00,0.00,0.00,30,NULL),(6967,1,'TRINA NARANJA',2,NULL,0.00,0.00,0.00,0.00,30,NULL),(6968,1,'INEDIT',2,NULL,0.00,0.00,0.00,0.00,30,NULL),(6969,1,'CHISTORRA CORTADA VACIO',3,NULL,0.00,0.00,0.00,0.00,30,'peso'),(6970,1,'SALCHICHA PAIS VACIO',3,NULL,0.00,0.00,0.00,0.00,30,'peso'),(6971,1,'MALAGUEÑA(morcilla cebolla)',3,NULL,0.00,0.00,0.00,0.00,30,'peso'),(6972,1,'PINCHO MORUNO SALCHICHA',3,NULL,0.00,0.00,0.00,0.00,30,'peso'),(6973,1,'PIKANTWURST ',3,NULL,0.00,0.00,0.00,0.00,30,'peso'),(6974,1,'SUPER FRANKFURT 25CM.',3,NULL,0.00,0.00,0.00,0.00,30,'peso'),(6975,1,'BRASTWURST ',3,NULL,0.00,0.00,0.00,0.00,30,'peso'),(6976,1,'SUPER CERVELA 27CM.',3,NULL,0.00,0.00,0.00,0.00,30,'peso'),(6977,1,'BUTIFARRA IBÉRICA',3,NULL,0.00,0.00,0.00,0.00,30,'peso'),(6978,1,'FRANKFURT MEDIEVAL',3,NULL,0.00,0.00,0.00,0.00,30,'peso'),(6979,1,'TIROLESA',3,NULL,0.00,0.00,0.00,0.00,30,'peso'),(6980,1,'BOCKWURST',3,NULL,0.00,0.00,0.00,0.00,30,'peso'),(6981,1,'SALSA MOSTAZA',3,NULL,0.00,0.00,0.00,0.00,30,'peso'),(6982,1,'SALSA RANCHERA',3,NULL,0.00,0.00,0.00,0.00,30,'peso'),(6983,1,'TARTA SANTIAGO',4,'1 / CAJA',0.00,0.00,0.00,0.00,30,NULL),(6984,1,'SALTEADO VERDURAS/QUINOA',4,'10 Kg./ CAJA',0.00,0.00,0.00,0.00,30,NULL),(6985,1,'TWISTER DE LANGOSTINOS',4,'21U./CAJA',0.00,0.00,0.00,0.00,30,NULL),(6986,1,'ALMEJA MARRON',4,'6 Kg/CAJA',0.00,0.00,0.00,0.00,30,NULL),(6987,1,'LOMO BACALAO JUMBO',4,'5 Kg/CAJA',0.00,0.00,0.00,0.00,30,NULL),(6988,1,'BOQUERONES 70/90 Kg.',4,'6 Kg./CAJA',0.00,0.00,0.00,0.00,30,NULL),(6989,1,'CALAMAR PATAGONICO TROCEADO',4,'4 Kg./CAJA',0.00,0.00,0.00,0.00,30,NULL),(6990,1,'ENTRECOT TERNERA 180g.',4,'3 Kg./CAJA',0.00,0.00,0.00,0.00,30,NULL),(6991,1,'PECHUGA POLLO S/INYECTAR',4,'5 Kg/CAJA',0.00,0.00,0.00,0.00,30,NULL),(6992,1,'TIRAS POTON ',4,'5 Kg/CAJA',0.00,0.00,0.00,0.00,30,NULL),(6993,1,'PIRULETA DE LANGOSTINOS',4,'99 U/CAJA',0.00,0.00,0.00,0.00,30,NULL),(6994,1,'NACHO DE POLLO…',4,'45 U/CAJA',0.00,0.00,0.00,0.00,30,NULL),(6995,1,'NACHO DE CHEDDAR…',4,'45 U/CAJA',0.00,0.00,0.00,0.00,30,NULL),(6996,1,'COCTEL DE SETAS',4,'4 Kg./CAJA',0.00,0.00,0.00,0.00,30,NULL),(6997,1,'PILPITOS ',4,'5 Kg/CAJA',0.00,0.00,0.00,0.00,30,NULL),(6998,1,'BACALAO DESMIGADO',4,NULL,0.00,0.00,0.00,0.00,30,NULL),(6999,1,'ACEITE GARRAFA 20L.',4,NULL,0.00,0.00,0.00,0.00,30,NULL),(7000,1,'OLIVAS LATA KILO',4,NULL,0.00,0.00,0.00,0.00,30,NULL),(7001,1,'torpedo',4,NULL,0.00,0.00,0.00,0.00,30,NULL),(7002,1,'BURGUER BEYOND',4,NULL,0.00,0.00,0.00,0.00,30,NULL),(7003,1,'FILETE BACALAO 500/1000',4,NULL,0.00,0.00,0.00,0.00,30,NULL),(7004,1,'REDONDITOS POLLO DATILES',4,NULL,0.00,0.00,0.00,0.00,30,NULL),(7005,1,'REDONDITOS POLLO CIRUELAS Y PIÑONES',4,NULL,0.00,0.00,0.00,0.00,30,NULL),(7006,1,'YOGURT GRIEGO 3,5Kg',4,NULL,0.00,0.00,0.00,0.00,30,NULL),(7007,1,'YOGURT NATURAL 2Kg',4,NULL,0.00,0.00,0.00,0.00,30,NULL),(7008,1,'MOZZARELLA VACA(125gr/4)/7',5,NULL,0.00,0.00,0.00,0.00,30,NULL),(7009,1,'SIROPE FRESA ',5,NULL,0.00,0.00,0.00,0.00,30,NULL),(7010,1,'GRISSINI ROBERTO / CAJA',5,NULL,0.00,0.00,0.00,0.00,30,NULL),(7011,1,'RAVIOLI CARNE (3Kg.) CAJA',5,NULL,0.00,0.00,0.00,0.00,30,NULL),(7012,1,'TAGLIATELLE (3Kg.)CAJA',5,NULL,0.00,0.00,0.00,0.00,30,NULL),(7013,1,'BASE PIZZA 29cm.(25U/CAJA)',5,NULL,0.00,0.00,0.00,0.00,30,NULL),(7014,1,'BURRATINA DELIZIOSA',5,NULL,0.00,0.00,0.00,0.00,30,NULL),(7015,1,'RAVIOLIS DE BURRATA',5,NULL,0.00,0.00,0.00,0.00,30,NULL),(7016,1,'TORTELLINI RICOTTA Y ESPINACAS SIN GLUTEN',5,NULL,0.00,0.00,0.00,0.00,30,NULL),(7017,1,'SALSA TARTUFO ',5,NULL,0.00,0.00,0.00,0.00,30,NULL),(7018,1,'SALSA PESTO',5,NULL,0.00,0.00,0.00,0.00,30,NULL),(7019,1,'GORGONZOLA',5,NULL,0.00,0.00,0.00,0.00,30,NULL),(7020,1,'RICOTTA',5,NULL,0.00,0.00,0.00,0.00,30,NULL),(7021,1,'AÑOJO MASA HAMBURGUESA(2Kg./BANDEJA)',6,NULL,0.00,0.00,0.00,0.00,30,NULL),(7022,1,'SOLOMILLO CERDO 4Kg/CAJA',6,NULL,0.00,0.00,0.00,0.00,30,NULL),(7023,1,'VAINA LIMPIA(pota calamar) 5kg/caja',6,NULL,0.00,0.00,0.00,0.00,30,NULL),(7024,1,'PANNACOTTA (CAJA)',6,NULL,0.00,0.00,0.00,0.00,30,NULL),(7025,1,'SEPIA CONGELADA(CAJA)',6,NULL,0.00,0.00,0.00,0.00,30,NULL),(7026,1,'CHOCO CONGELADO(CAJA)',6,NULL,0.00,0.00,0.00,0.00,30,NULL),(7027,1,'GAMBA CONGELADA(12Kg./CAJA)',6,NULL,0.00,0.00,0.00,0.00,30,NULL),(7028,1,'SALMÓN AHUMADO PRECORTADO',6,NULL,0.00,0.00,0.00,0.00,30,NULL),(7029,1,'EMPERADOR',6,NULL,0.00,0.00,0.00,0.00,30,NULL),(7030,1,'MEJILLONES',6,NULL,0.00,0.00,0.00,0.00,30,NULL),(7031,1,'PIZZAS',6,NULL,0.00,0.00,0.00,0.00,30,NULL),(7032,1,'GAMBITAS PELADAS',6,NULL,0.00,0.00,0.00,0.00,30,NULL),(7033,1,'ATUN RODAJAS',6,NULL,0.00,0.00,0.00,0.00,30,NULL),(7034,1,'AGUA BEZOYA VID. 1L. ',7,'U/CAJA 12',0.00,0.00,0.00,0.00,30,NULL),(7035,1,'AGUA BEZOYA VID. 500ml.',7,'U/CAJA 20',0.00,0.00,0.00,0.00,30,NULL),(7036,1,'BEBIDA SOJA 1L.',7,'U/CAJA 6',0.00,0.00,0.00,0.00,30,NULL),(7037,1,'LECHE INTENSE 1,5L.',7,'U/CAJA 8',0.00,0.00,0.00,0.00,30,NULL),(7038,1,'LECHE S/LACT. 1L.',7,'U/CAJA 6',0.00,0.00,0.00,0.00,30,NULL),(7039,1,'LECHE DESNATADA 1L.',7,'U/CAJA 6',0.00,0.00,0.00,0.00,30,NULL),(7040,1,'BEBIDA AVENA 1L.',7,'U/CAJA 6',0.00,0.00,0.00,0.00,30,NULL),(7041,1,'MANTEQ. BLOQUE 5Kg.',7,'U/CAJA 1',0.00,0.00,0.00,0.00,30,NULL),(7042,1,'NATA 1L.',7,'U/CAJA 6',0.00,0.00,0.00,0.00,30,NULL),(7043,1,'NATA SPRAY 500g.',7,'U/CAJA 6',0.00,0.00,0.00,0.00,30,NULL),(7044,1,'KETCHUP HEINZ 2,5L',7,'U/CAJA 2',0.00,0.00,0.00,0.00,30,NULL),(7045,1,'MERMELADA TARR.25g. MELO',7,'U/CAJA 96',0.00,0.00,0.00,0.00,30,NULL),(7046,1,'TE VERDE/FLOR LATA 150g.',7,'U/CAJA 1',0.00,0.00,0.00,0.00,30,NULL),(7047,1,'TE FRUT.BOSQUE LATA 150g.',7,'U/CAJA 1',0.00,0.00,0.00,0.00,30,NULL),(7048,1,'TE ROIBOS TROPICAL 150g.',7,'U/CAJA 1',0.00,0.00,0.00,0.00,30,NULL),(7049,1,'MANTEQUILLA 10g.',7,'U/CAJA 280',0.00,0.00,0.00,0.00,30,NULL),(7050,1,'CASTELLANA DULCE 0,70L.',7,'U/CAJA 1',0.00,0.00,0.00,0.00,30,NULL),(7051,1,'CERVEZA J.DANIELS LIMON',7,'U/CAJA 1+1(24uds.)',0.00,0.00,0.00,0.00,30,NULL),(7052,1,'BALLANTINES 1L.',7,'U/CAJA 1',0.00,0.00,0.00,0.00,30,NULL),(7053,1,'BEEFEATER 0,70L.',7,'U/CAJA 1',0.00,0.00,0.00,0.00,30,NULL),(7054,1,'SEAGRAMS 0,70L.',7,'U/CAJA 1',0.00,0.00,0.00,0.00,30,NULL),(7055,1,'TINTO RARUM JOVEN 75cl.',7,'U/CAJA 6',0.00,0.00,0.00,0.00,30,NULL),(7056,1,'CORONITA 35cl.',7,'U/CAJA 24',0.00,0.00,0.00,0.00,30,NULL),(7057,1,'LECHE CONDENSADA?',7,NULL,0.00,0.00,0.00,0.00,30,NULL),(7058,1,'BEBIDA ALMENDRAS',7,NULL,0.00,0.00,0.00,0.00,30,NULL),(7059,1,'MERMELADA TARR.25g. FRESA',7,NULL,0.00,0.00,0.00,0.00,30,NULL),(7060,1,'VALDUBON VERDEJO 0',8,'U/CAJA 6',0.00,0.00,0.00,0.00,30,NULL),(7061,1,'VIONTA ALBARIÑO 0',8,'U/CAJA 6',0.00,0.00,0.00,0.00,30,NULL),(7062,1,'COP DE VENT BLANCO 0',8,'U/CAJA 6',0.00,0.00,0.00,0.00,30,NULL),(7063,1,'FER VOLAR COLOMS BLANCO 0',8,'U/CAJA 6',0.00,0.00,0.00,0.00,30,NULL),(7064,1,'PALETA IBÉRICA DESHUESADA',9,NULL,0.00,0.00,0.00,0.00,30,NULL),(7065,1,'MOZZARELLA BARRA',9,NULL,0.00,0.00,0.00,0.00,30,NULL),(7066,1,'CABRA RULO PURO',9,NULL,0.00,0.00,0.00,0.00,30,NULL),(7067,1,'BURGOS FRESCO 1Kg.',9,NULL,0.00,0.00,0.00,0.00,30,NULL),(7068,1,'BRIE MONSALVY 1Kg.',9,NULL,0.00,0.00,0.00,0.00,30,NULL),(7069,1,'CHEDDAR NARANJA BARRA',9,NULL,0.00,0.00,0.00,0.00,30,NULL),(7070,1,'SOBRASSADA TARRINA',9,NULL,0.00,0.00,0.00,0.00,30,NULL),(7071,1,'LACÓN DESHUESADO',9,NULL,0.00,0.00,0.00,0.00,30,NULL),(7072,1,'PECHUGA PAVO LONCHEADA',9,NULL,0.00,0.00,0.00,0.00,30,NULL),(7073,1,'PARMESANO POLVO',9,NULL,0.00,0.00,0.00,0.00,30,NULL),(7074,1,'PARMESANO GRANA PADANO 1/4',9,NULL,0.00,0.00,0.00,0.00,30,NULL),(7075,1,'PROVOLONE DOLÇE ',9,NULL,0.00,0.00,0.00,0.00,30,NULL),(7076,1,'OVEJA CURADO ',9,NULL,0.00,0.00,0.00,0.00,30,NULL),(7077,1,'QUESO AL ROMERO',9,NULL,0.00,0.00,0.00,0.00,30,NULL),(7078,1,'QUESO CREMA',9,NULL,0.00,0.00,0.00,0.00,30,NULL),(7079,1,'GORGONZOLA',9,NULL,0.00,0.00,0.00,0.00,30,NULL),(7080,1,'RICOTA',9,NULL,0.00,0.00,0.00,0.00,30,NULL),(7081,1,'ROQUEFORT',9,NULL,0.00,0.00,0.00,0.00,30,NULL),(7082,1,'CAMEMBERT',9,NULL,0.00,0.00,0.00,0.00,30,NULL),(7083,1,'FOIE',9,NULL,0.00,0.00,0.00,0.00,30,NULL),(7084,1,'QUESO VEGANO LONCHAS',9,NULL,0.00,0.00,0.00,0.00,30,NULL),(7085,1,'PAVO ENTERO',9,NULL,0.00,0.00,0.00,0.00,30,NULL),(7086,1,'QUESO FETA',9,NULL,0.00,0.00,0.00,0.00,30,NULL),(7087,1,'YORK ?',9,NULL,0.00,0.00,0.00,0.00,30,NULL),(7088,1,'QUESO SECO ',9,NULL,0.00,0.00,0.00,0.00,30,NULL),(7089,1,'PLATONIL LMA PLUS',10,'CAP./UNID. 12',0.00,0.00,0.00,0.00,30,NULL),(7090,1,'ABRILLANTADOR',10,'CAP./UNID. 10',0.00,0.00,0.00,0.00,30,NULL),(7091,1,' SAL COMPACTA',10,'CAP./UNID. 25',0.00,0.00,0.00,0.00,30,NULL),(7092,1,'LEJIA',10,'CAP./UNID. 15L',0.00,0.00,0.00,0.00,30,NULL),(7093,1,'PK.LIMPIA PARKET',10,'CAP./UNID. 5L',0.00,0.00,0.00,0.00,30,NULL),(7094,1,'GEL HIDROALCOHOLICO',10,'CAP./UNID. 5L',0.00,0.00,0.00,0.00,30,NULL),(7095,1,'SECAMANOS ROYO 6U.',10,'CAP./UNID. 1(6us.)',0.00,0.00,0.00,0.00,30,NULL),(7096,1,'HIGIENICO ',10,'CAP./UNID. 1(18uds.)',0.00,0.00,0.00,0.00,30,NULL),(7097,1,'SERV.30X30 BLANCA',10,'CAP./UNID. 1(4000uds.)',0.00,0.00,0.00,0.00,30,NULL),(7098,1,'SERV.40X40 BLANCA',10,'CAP./UNID. 1 (2400uds.)',0.00,0.00,0.00,0.00,30,NULL),(7099,1,'TOALLA MANO TISSUE ',10,'CAP./UNID. 1 (20 PAQ.)',0.00,0.00,0.00,0.00,30,NULL),(7100,1,'MANTEL NOVOTEX BURDEOS 30X40',10,'CAP./UNID. 1 (500uds.)',0.00,0.00,0.00,0.00,30,NULL),(7101,1,'SENSI DERMO ',10,'CAP./UNID. 5L.',0.00,0.00,0.00,0.00,30,NULL),(7102,1,'FILM PLASTICO 30X300',10,'CAP./UNID. 1 (3 ROYOS)',0.00,0.00,0.00,0.00,30,NULL),(7103,1,'TARRINA PEQUEÑA',10,NULL,0.00,0.00,0.00,0.00,30,NULL),(7104,1,'PAPEL PLATA',10,NULL,0.00,0.00,0.00,0.00,30,NULL),(7105,1,'TARRIAS LLEVAR /TAPA',10,'CAP./UNID. CAJA',0.00,0.00,0.00,0.00,30,NULL),(7106,1,'PALILLOS FUNDA',10,'CAP./UNID. CAJA',0.00,0.00,0.00,0.00,30,NULL),(7107,1,'CAÑITAS ENFUNDADAS',10,'CAP./UNID. PAQUETE',0.00,0.00,0.00,0.00,30,NULL),(7108,1,'1906 MEDIANA',11,NULL,0.00,0.00,0.00,0.00,30,NULL),(7109,1,'1906 RED VINTAGE 1/3',11,NULL,0.00,0.00,0.00,0.00,30,NULL),(7110,1,'GALICIA 0,0',11,NULL,0.00,0.00,0.00,0.00,30,NULL),(7111,1,'GALICIA MEDIANA',11,NULL,0.00,0.00,0.00,0.00,30,NULL),(7112,1,'DESPERADOS',11,NULL,0.00,0.00,0.00,0.00,30,NULL),(7113,1,'PUNK IPA',11,NULL,0.00,0.00,0.00,0.00,30,NULL),(7114,1,'FRANCISCANER',11,NULL,0.00,0.00,0.00,0.00,30,NULL),(7115,1,'COCHINILLO LECHON CORTADO 6Kg.',12,NULL,0.00,0.00,0.00,0.00,30,NULL),(7116,1,'SOLOMILLO CERDO 8kg.',12,NULL,0.00,0.00,0.00,0.00,30,NULL),(7117,1,'BACALAO LOMO JUMBO 5Kg.',12,NULL,0.00,0.00,0.00,0.00,30,NULL),(7118,1,'BOQUERON LONJA 6Kg.',12,NULL,0.00,0.00,0.00,0.00,30,NULL),(7119,1,'CALAMAR PATAGONICO TROCEADO 6Kg.',12,NULL,0.00,0.00,0.00,0.00,30,NULL),(7120,1,'ESPADA RODAJA 6Kg.',12,NULL,0.00,0.00,0.00,0.00,30,NULL),(7121,1,'PULPO COCIDO ENTERO ',12,NULL,0.00,0.00,0.00,0.00,30,NULL),(7122,1,'P. PIQUILLO RELLENO BACALAO 4Kg.',12,NULL,0.00,0.00,0.00,0.00,30,NULL),(7123,1,'SOLOMILLO ESTILO KENTUKY 4Kg.',12,NULL,0.00,0.00,0.00,0.00,30,NULL),(7124,1,' ROYAL BLIS YUZU VR.20/24',13,NULL,0.00,0.00,0.00,0.00,30,NULL),(7125,1,'COCA COLA VR.237/24',13,NULL,0.00,0.00,0.00,0.00,30,NULL),(7126,1,'NESTEA LIM. VR.30/24',13,NULL,0.00,0.00,0.00,0.00,30,NULL),(7127,1,'ACUARIUS LIM.VR.30/24',13,NULL,0.00,0.00,0.00,0.00,30,NULL),(7128,1,'ACUARIUS NAR.VR.30/24',13,NULL,0.00,0.00,0.00,0.00,30,NULL),(7129,1,'COCA COLA VR.35/24',13,NULL,0.00,0.00,0.00,0.00,30,NULL),(7130,1,'COCA COLA ZERO VR.35/24',13,NULL,0.00,0.00,0.00,0.00,30,NULL),(7131,1,'FANTA NAR.VR35/24',13,NULL,0.00,0.00,0.00,0.00,30,NULL),(7132,1,'FANTA LIM.VR35/24',13,NULL,0.00,0.00,0.00,0.00,30,NULL),(7133,1,'SPITE VR.35/24',13,NULL,0.00,0.00,0.00,0.00,30,NULL),(7134,1,'COCA COLA LATA 0,33/28',13,NULL,0.00,0.00,0.00,0.00,30,NULL),(7135,1,'COCA COLA ZERO 0,33/28',13,NULL,0.00,0.00,0.00,0.00,30,NULL),(7136,1,'FANTA NAR.0,33/28',13,NULL,0.00,0.00,0.00,0.00,30,NULL),(7137,1,'FANTA LIM LATA',13,NULL,0.00,0.00,0.00,0.00,30,NULL),(7138,1,'COCA COLA LIGHT 350',13,NULL,0.00,0.00,0.00,0.00,30,NULL),(7139,1,'COLA DOBLE ZERO 350',13,NULL,0.00,0.00,0.00,0.00,30,NULL),(7140,1,'ZUMO PIÑA',13,NULL,0.00,0.00,0.00,0.00,30,NULL),(7141,1,'ZUMO MELOCOTON',13,NULL,0.00,0.00,0.00,0.00,30,NULL),(7142,1,'ZUMO NARANJA',13,NULL,0.00,0.00,0.00,0.00,30,NULL),(7143,1,'ROYAL BLIS BERRY',13,NULL,0.00,0.00,0.00,0.00,30,NULL),(7144,1,'TONICA BLIS',13,NULL,0.00,0.00,0.00,0.00,30,NULL),(7145,1,'PECHUGA POLLO 2,5Kg.',14,NULL,0.00,0.00,0.00,0.00,30,NULL),(7146,1,'LONGANIZA',14,NULL,0.00,0.00,0.00,0.00,30,NULL),(7147,1,'BEICON',14,NULL,0.00,0.00,0.00,0.00,30,NULL),(7148,1,'YORK BARRA',14,NULL,0.00,0.00,0.00,0.00,30,NULL),(7149,1,'QUESO BARRA',14,NULL,0.00,0.00,0.00,0.00,30,NULL),(7150,1,'PICHOS MORUNO',14,NULL,0.00,0.00,0.00,0.00,30,NULL),(7151,1,'MORROS CORTADO FRESCO',14,NULL,0.00,0.00,0.00,0.00,30,NULL),(7152,1,'CHORIZO IBÉRICO',14,NULL,0.00,0.00,0.00,0.00,30,NULL),(7153,1,'SALCHICHON IBÉRICO',14,NULL,0.00,0.00,0.00,0.00,30,NULL),(7154,1,'CODILLO',14,NULL,0.00,0.00,0.00,0.00,30,NULL),(7155,1,'QUESO SEMI',14,NULL,0.00,0.00,0.00,0.00,30,NULL),(7156,1,'COSTILLAS CORDERO',14,NULL,0.00,0.00,0.00,0.00,30,NULL),(7157,1,'SERRANO',14,NULL,0.00,0.00,0.00,0.00,30,NULL),(7158,1,'LOMO CAÑA',14,NULL,0.00,0.00,0.00,0.00,30,NULL),(7159,1,'PINCHOS COCHINILLO',14,NULL,0.00,0.00,0.00,0.00,30,NULL),(7160,1,'BISTEC TERNERA',14,NULL,0.00,0.00,0.00,0.00,30,NULL),(7161,1,'SALCHICHAS PAIS',14,NULL,0.00,0.00,0.00,0.00,30,NULL),(7162,1,'BUTIFARRA PEGES',14,NULL,0.00,0.00,0.00,0.00,30,NULL),(7163,1,'OREJAS DE CERDO',14,NULL,0.00,0.00,0.00,0.00,30,NULL),(7164,1,'BURGUER POLLO',14,NULL,0.00,0.00,0.00,0.00,30,NULL),(7165,1,'BOQUERONES VINAGRE',14,NULL,0.00,0.00,0.00,0.00,30,NULL),(7166,1,'ANCHOAS VINAGRETA',14,NULL,0.00,0.00,0.00,0.00,30,NULL),(7167,1,'FRANKFURT',14,NULL,0.00,0.00,0.00,0.00,30,NULL),(7168,1,'PICADA TERNERA',14,NULL,0.00,0.00,0.00,0.00,30,NULL),(7169,1,'CHISTORRA',14,NULL,0.00,0.00,0.00,0.00,30,NULL),(7170,1,'CHORICITOS GORDOS',14,NULL,0.00,0.00,0.00,0.00,30,NULL),(7171,1,'ACEITE FREIDORA 25L.',15,NULL,0.00,0.00,0.00,0.00,30,NULL),(7172,1,'PAN RAYADO 5Kg.',15,NULL,0.00,0.00,0.00,0.00,30,NULL),(7173,1,'ESPAGUETIS 5kg.',15,NULL,0.00,0.00,0.00,0.00,30,NULL),(7174,1,'ARROZ BRAZAL 1kg.',15,NULL,0.00,0.00,0.00,0.00,30,NULL),(7175,1,'ANCHOAS CARTA',15,NULL,0.00,0.00,0.00,0.00,30,NULL),(7176,1,'ANCHOAS MENU',15,NULL,0.00,0.00,0.00,0.00,30,NULL),(7177,1,'AL I OLI 2kg.',15,NULL,0.00,0.00,0.00,0.00,30,NULL),(7178,1,'AZUCAR',15,NULL,0.00,0.00,0.00,0.00,30,NULL),(7179,1,'OLIVAS RELLENAS  1kg.(180/200)',15,NULL,0.00,0.00,0.00,0.00,30,NULL),(7180,1,'MAYONESA 5kg MILLLAS SUPREM',15,NULL,0.00,0.00,0.00,0.00,30,NULL),(7181,1,'MAIZ 3Kg.',15,NULL,0.00,0.00,0.00,0.00,30,NULL),(7182,1,'KETCHUP 300gr. PLASTICO',15,NULL,0.00,0.00,0.00,0.00,30,NULL),(7183,1,'ZANAHORIA RAYADA 3Kg.',15,NULL,0.00,0.00,0.00,0.00,30,NULL),(7184,1,'ALMENDRAS /FREIR',15,NULL,0.00,0.00,0.00,0.00,30,NULL),(7185,1,'ACEITUNAS NEGRAS',15,NULL,0.00,0.00,0.00,0.00,30,NULL),(7186,1,'COCKTEL FRUTOS SECOS',15,NULL,0.00,0.00,0.00,0.00,30,NULL),(7187,1,'HARINA PESCADO',15,NULL,0.00,0.00,0.00,0.00,30,NULL),(7188,1,'PIMENTON DULCE',15,NULL,0.00,0.00,0.00,0.00,30,NULL),(7189,1,'TOMATE FRITO GIDA',15,NULL,0.00,0.00,0.00,0.00,30,NULL),(7190,1,'SALSA SOJA 2L.',15,NULL,0.00,0.00,0.00,0.00,30,NULL),(7191,1,'SIROPE FRESA',15,NULL,0.00,0.00,0.00,0.00,30,NULL),(7192,1,'SALSA BARBACOA',15,NULL,0.00,0.00,0.00,0.00,30,NULL),(7193,1,'SALSA TERIYAKI',15,NULL,0.00,0.00,0.00,0.00,30,NULL),(7194,1,'OREGANO',15,NULL,0.00,0.00,0.00,0.00,30,NULL),(7195,1,'CREMA DE MÓDENA',15,NULL,0.00,0.00,0.00,0.00,30,NULL),(7196,1,'SALSA BRAVA',15,NULL,0.00,0.00,0.00,0.00,30,NULL),(7197,1,'CHOCOLATE POLVO',15,NULL,0.00,0.00,0.00,0.00,30,NULL),(7198,1,'ALMENDRA PICADA',15,NULL,0.00,0.00,0.00,0.00,30,NULL),(7199,1,'ATÚN BOLSA 1kg.',15,NULL,0.00,0.00,0.00,0.00,30,NULL),(7200,1,'PALMITOS',15,NULL,0.00,0.00,0.00,0.00,30,NULL),(7201,1,'ESPARRAGOS',15,NULL,0.00,0.00,0.00,0.00,30,NULL),(7202,1,'COMBINADO OLIVAS',15,NULL,0.00,0.00,0.00,0.00,30,NULL),(7203,1,'MACARRONES 5kg.',15,NULL,0.00,0.00,0.00,0.00,30,NULL),(7204,1,'FUSILIS',15,NULL,0.00,0.00,0.00,0.00,30,NULL),(7205,1,'PIQUILLOS 1/2',15,NULL,0.00,0.00,0.00,0.00,30,NULL),(7206,1,'MELOCOTON',15,NULL,0.00,0.00,0.00,0.00,30,NULL),(7207,1,'ACEITE OLIVA VIRGEN 5L.',15,NULL,0.00,0.00,0.00,0.00,30,NULL),(7208,1,'SAL FINA SECA /Kg.',15,NULL,0.00,0.00,0.00,0.00,30,NULL),(7209,1,'CANELA RAMA',15,NULL,0.00,0.00,0.00,0.00,30,NULL),(7210,1,'PIMIENTA MOLIDA 1kg.',15,NULL,0.00,0.00,0.00,0.00,30,NULL),(7211,1,'PIMIENTA GRANO',15,NULL,0.00,0.00,0.00,0.00,30,NULL),(7212,1,'NUEZ MOSCADA',15,NULL,0.00,0.00,0.00,0.00,30,NULL),(7213,1,'MAICENA',15,NULL,0.00,0.00,0.00,0.00,30,NULL),(7214,1,'PIÑA LATA 1kg.',15,NULL,0.00,0.00,0.00,0.00,30,NULL),(7215,1,'MOSTAZA 300gr.',15,NULL,0.00,0.00,0.00,0.00,30,NULL),(7216,1,'NUECES PELADAS',15,NULL,0.00,0.00,0.00,0.00,30,NULL),(7217,1,'COLORANTE PAELLA',15,NULL,0.00,0.00,0.00,0.00,30,NULL),(7218,1,'ACEITE MESA',15,NULL,0.00,0.00,0.00,0.00,30,NULL),(7219,1,'VINAGRE MESA',15,NULL,0.00,0.00,0.00,0.00,30,NULL),(7220,1,'CHIPOTLE',15,NULL,0.00,0.00,0.00,0.00,30,NULL),(7221,1,'MOUSE CHOCO',15,NULL,0.00,0.00,0.00,0.00,30,NULL),(7222,1,'BERENJENA',16,'Uds.',0.00,0.00,0.00,0.00,30,NULL),(7223,1,'ESPINACAS',16,'BOLSAS',0.00,0.00,0.00,0.00,30,NULL),(7224,1,'CEBOLLA',16,'KILOS',0.00,0.00,0.00,0.00,30,NULL),(7225,1,'CHAMPIÑON',16,'KILOS',0.00,0.00,0.00,0.00,30,NULL),(7226,1,'LECHUGA',16,'Uds.',0.00,0.00,0.00,0.00,30,NULL),(7227,1,'CEBOLLA MORADA',16,'KILOS',0.00,0.00,0.00,0.00,30,NULL),(7228,1,'PIMIENTO VERDE',16,'Uds.',0.00,0.00,0.00,0.00,30,NULL),(7229,1,'PIMIENTO PADRON',16,'KILOS',0.00,0.00,0.00,0.00,30,NULL),(7230,1,'PIMIENTO ROJO',16,'Uds.',0.00,0.00,0.00,0.00,30,NULL),(7231,1,'FRESAS ',16,'CAJAS',0.00,0.00,0.00,0.00,30,NULL),(7232,1,'CANONIGOS',16,'PAQUETES',0.00,0.00,0.00,0.00,30,NULL),(7233,1,'MEZCLUM',16,'PAQUETES',0.00,0.00,0.00,0.00,30,NULL),(7234,1,'CHERRIES',16,'BANDEJAS',0.00,0.00,0.00,0.00,30,NULL),(7235,1,'TOMATE VERDE',16,'CAJA',0.00,0.00,0.00,0.00,30,NULL),(7236,1,'TOMATE UNTAR',16,'CAJA',0.00,0.00,0.00,0.00,30,NULL),(7237,1,'RUCULA',16,'PAQUETES',0.00,0.00,0.00,0.00,30,NULL),(7238,1,'AGUACATE',16,'Uds.',0.00,0.00,0.00,0.00,30,NULL),(7239,1,'CALABACIN',16,'Uds.',0.00,0.00,0.00,0.00,30,NULL),(7240,1,'NARANJAS',16,'KILOS',0.00,0.00,0.00,0.00,30,NULL),(7241,1,'MANZANA',16,'KILOS',0.00,0.00,0.00,0.00,30,NULL),(7242,1,'LIMONES',16,'KILOS',0.00,0.00,0.00,0.00,30,NULL),(7243,1,'ZANAHORIA',16,'KILOS',0.00,0.00,0.00,0.00,30,NULL),(7244,1,'PUERROS',16,'Uds.',0.00,0.00,0.00,0.00,30,NULL),(7245,1,'REPOLLO',16,' ',0.00,0.00,0.00,0.00,30,NULL),(7246,1,'PEREJIL',16,' ',0.00,0.00,0.00,0.00,30,NULL),(7247,1,'AJOS',16,' ',0.00,0.00,0.00,0.00,30,NULL),(7248,1,'PLATANO',16,' ',0.00,0.00,0.00,0.00,30,NULL),(7249,1,'PIÑA',16,' ',0.00,0.00,0.00,0.00,30,NULL),(7250,1,'MELÓN',16,' ',0.00,0.00,0.00,0.00,30,NULL),(7251,1,'SANDIA',16,' ',0.00,0.00,0.00,0.00,30,NULL),(7252,1,'PEPINO',16,'UDS.',0.00,0.00,0.00,0.00,30,NULL),(7253,1,'LIMAS',16,' ',0.00,0.00,0.00,0.00,30,NULL),(7254,1,'HAMBURGUESA POLLO REBOZADA',17,NULL,0.00,0.00,0.00,0.00,30,NULL),(7255,1,'COSTILLAR CERDO',17,NULL,0.00,0.00,0.00,0.00,30,NULL),(7256,1,'ALITAS POLLO',18,NULL,0.00,0.00,0.00,0.00,30,NULL),(7257,1,'CROQUETAS COCIDO',18,NULL,0.00,0.00,0.00,0.00,30,NULL),(7258,1,'TIRAS DE POTON',18,NULL,0.00,0.00,0.00,0.00,30,NULL),(7259,1,'ATUN RODAJAS',18,NULL,0.00,0.00,0.00,0.00,30,NULL),(7260,1,'MERLUZA LOMO PIEL',18,NULL,0.00,0.00,0.00,0.00,30,NULL),(7261,1,'POLLO KENTUKY',18,NULL,0.00,0.00,0.00,0.00,30,NULL),(7262,1,'POLLO CUARTO TRASERO',18,NULL,0.00,0.00,0.00,0.00,30,NULL),(7263,1,'JAMONCITOS POLLO',18,NULL,0.00,0.00,0.00,0.00,30,NULL),(7264,1,'SALMON RODAJAS',18,NULL,0.00,0.00,0.00,0.00,30,NULL),(7265,1,'ALBÓNDIGAS SUECAS',18,NULL,0.00,0.00,0.00,0.00,30,NULL),(7266,1,'SECRETO CERDO VACIO',18,NULL,0.00,0.00,0.00,0.00,30,NULL),(7267,1,'SOLOMILLO CERDO',18,NULL,0.00,0.00,0.00,0.00,30,NULL),(7268,1,'BACALAO FILETE',18,NULL,0.00,0.00,0.00,0.00,30,NULL),(7269,1,'CREMOSO GRANEL',18,NULL,0.00,0.00,0.00,0.00,30,NULL),(7270,1,'ENSALADILLA',18,NULL,0.00,0.00,0.00,0.00,30,NULL),(7271,1,'TRUFAS HELADAS',18,NULL,0.00,0.00,0.00,0.00,30,NULL),(7272,1,'CODILLOS',18,NULL,0.00,0.00,0.00,0.00,30,NULL),(7273,1,'CROQUETAS IBÉRICO',18,NULL,0.00,0.00,0.00,0.00,30,NULL),(7274,1,'GAMBA ROJA PELADA',18,NULL,0.00,0.00,0.00,0.00,30,NULL),(7275,1,'PROFITEROLES',18,NULL,0.00,0.00,0.00,0.00,30,NULL),(7276,1,'CALAMAR POTA',18,NULL,0.00,0.00,0.00,0.00,30,NULL),(7277,1,'CROQUETAS POLLO',18,NULL,0.00,0.00,0.00,0.00,30,NULL),(7278,1,'ALMEJA MARRON',18,NULL,0.00,0.00,0.00,0.00,30,NULL),(7279,1,'BACALAO DESMIGADO',18,NULL,0.00,0.00,0.00,0.00,30,NULL),(7280,1,'ENTRECOT',19,NULL,0.00,0.00,0.00,0.00,30,NULL),(7281,1,'CHULETON',19,NULL,0.00,0.00,0.00,0.00,30,NULL),(7282,1,'PICADA',19,NULL,0.00,0.00,0.00,0.00,30,NULL),(7283,1,'SOLOMILLO',19,NULL,0.00,0.00,0.00,0.00,30,NULL),(7284,1,'CHURRASCO',19,NULL,0.00,0.00,0.00,0.00,30,NULL),(7285,1,'BISTEC',19,NULL,0.00,0.00,0.00,0.00,30,NULL),(7286,1,'COL VERDE',20,NULL,0.00,0.00,0.00,0.00,30,NULL),(7287,1,'GUACAMOLE',20,NULL,0.00,0.00,0.00,0.00,30,NULL),(7288,1,'MONCHETAS BLANCA',20,NULL,0.00,0.00,0.00,0.00,30,NULL),(7289,1,'YOGURT DANONE NAT.',20,NULL,0.00,0.00,0.00,0.00,30,NULL),(7290,1,'TOMATE ENSALADA',20,NULL,0.00,0.00,0.00,0.00,30,NULL),(7291,1,'COL LISA',20,NULL,0.00,0.00,0.00,0.00,30,NULL),(7292,1,'FIDEOS FIDEUA',20,NULL,0.00,0.00,0.00,0.00,30,NULL),(7293,1,'BUTIFARRA CEBOLLA',20,NULL,0.00,0.00,0.00,0.00,30,NULL),(7294,1,'HABITAS',20,NULL,0.00,0.00,0.00,0.00,30,NULL),(7295,1,'NARANJA ZUMO',20,NULL,0.00,0.00,0.00,0.00,30,NULL),(7296,1,'JABON PICA',20,NULL,0.00,0.00,0.00,0.00,30,NULL),(7297,1,'NACHOS',20,NULL,0.00,0.00,0.00,0.00,30,NULL),(7298,1,'DESENGRASANTE',20,NULL,0.00,0.00,0.00,0.00,30,NULL),(7299,1,'MASA PASTA',20,NULL,0.00,0.00,0.00,0.00,30,NULL),(7300,1,'BAYETAS',20,NULL,0.00,0.00,0.00,0.00,30,NULL),(7301,1,'SALSA M&M',20,NULL,0.00,0.00,0.00,0.00,30,NULL),(7302,1,'ICEBERG',20,NULL,0.00,0.00,0.00,0.00,30,NULL),(7303,1,'LIMONES',20,NULL,0.00,0.00,0.00,0.00,30,NULL),(7304,1,'ZANAHORIA',20,NULL,0.00,0.00,0.00,0.00,30,NULL),(7305,1,'PERA CONFITADA',20,NULL,0.00,0.00,0.00,0.00,30,NULL),(7306,1,'LECHUGA GOURMET',20,NULL,0.00,0.00,0.00,0.00,30,NULL),(7307,1,'TABLETA CHOCOLATE',20,NULL,0.00,0.00,0.00,0.00,30,NULL),(7308,1,'SALSA SWEET CH',20,NULL,0.00,0.00,0.00,0.00,30,NULL),(7309,1,'CHAMPIÑONES',20,NULL,0.00,0.00,0.00,0.00,30,NULL),(7310,1,'TOMATE PERA',20,NULL,0.00,0.00,0.00,0.00,30,NULL),(7311,1,'CARNE PICADA',20,NULL,0.00,0.00,0.00,0.00,30,NULL),(7312,1,'BRAZO GITANO NATA',20,NULL,0.00,0.00,0.00,0.00,30,NULL),(7313,1,'PLATANOS',20,NULL,0.00,0.00,0.00,0.00,30,NULL),(7314,1,'GELATINA NEUTRA',20,NULL,0.00,0.00,0.00,0.00,30,NULL),(7315,1,'BALSAMICO MANZANA',20,NULL,0.00,0.00,0.00,0.00,30,NULL),(7316,1,'MAYA DORADA',20,NULL,0.00,0.00,0.00,0.00,30,NULL),(7317,1,'GUANTES',20,NULL,0.00,0.00,0.00,0.00,30,NULL),(7318,1,'PAN RAYADO',20,NULL,0.00,0.00,0.00,0.00,30,NULL),(7319,1,'SETAS',20,NULL,0.00,0.00,0.00,0.00,30,NULL),(7320,1,'QUESO CREMA',20,NULL,0.00,0.00,0.00,0.00,30,NULL),(7321,1,'GALLETAS  MARIA',20,NULL,0.00,0.00,0.00,0.00,30,NULL),(7322,1,'MANZANA VERDE',20,NULL,0.00,0.00,0.00,0.00,30,NULL),(7323,1,'PANCETA',20,NULL,0.00,0.00,0.00,0.00,30,NULL),(7324,1,'ARROZ BAZAL',20,NULL,0.00,0.00,0.00,0.00,30,NULL),(7325,1,'MACARRONES ',20,NULL,0.00,0.00,0.00,0.00,30,NULL),(7326,1,'ESPAGUETIS',20,NULL,0.00,0.00,0.00,0.00,30,NULL),(7327,1,'GALLETAS HELADO',20,NULL,0.00,0.00,0.00,0.00,30,NULL),(7328,1,'FLY MOSQUITOS',20,NULL,0.00,0.00,0.00,0.00,30,NULL),(7329,1,'PALILLOS CON FUNDA',20,NULL,0.00,0.00,0.00,0.00,30,NULL);
/*!40000 ALTER TABLE "product" ENABLE KEYS */;
UNLOCK TABLES;

--
-- Table structure for table "role_"
--

DROP TABLE IF EXISTS "role_";
/*!40101 SET @saved_cs_client     = @@character_set_client */;
/*!40101 SET character_set_client = utf8 */;
CREATE TABLE "role_" (
  "id" int(11) NOT NULL,
  "name" varchar(255) NOT NULL,
  PRIMARY KEY ("id"),
  UNIQUE KEY "role__name_uindex" ("name")
);
/*!40101 SET character_set_client = @saved_cs_client */;

--
-- Dumping data for table "role_"
--

LOCK TABLES "role_" WRITE;
/*!40000 ALTER TABLE "role_" DISABLE KEYS */;
INSERT INTO "role_" ("id", "name") VALUES (1,'admin'),(3,'comarea'),(2,'placa');
/*!40000 ALTER TABLE "role_" ENABLE KEYS */;
UNLOCK TABLES;

--
-- Table structure for table "supplier"
--

DROP TABLE IF EXISTS "supplier";
/*!40101 SET @saved_cs_client     = @@character_set_client */;
/*!40101 SET character_set_client = utf8 */;
CREATE TABLE "supplier" (
  "id" int(11) NOT NULL,
  "name" varchar(255) NOT NULL,
  PRIMARY KEY ("id")
);
/*!40101 SET character_set_client = @saved_cs_client */;

--
-- Dumping data for table "supplier"
--

LOCK TABLES "supplier" WRITE;
/*!40000 ALTER TABLE "supplier" DISABLE KEYS */;
INSERT INTO "supplier" ("id", "name") VALUES (1,'sin proovedor'),(2,'subesa'),(3,'leo boek'),(4,'frioliza'),(5,'garda'),(6,'videla'),(7,'pascual'),(8,'freixenet'),(9,'monserrat'),(10,'minovi'),(11,'crusat'),(12,'fripozo'),(13,'coca-cola'),(14,'paez'),(15,'folguera'),(16,'fruta y verdura'),(17,'atlanta'),(18,'maheso'),(19,'carne'),(20,'mercadona');
/*!40000 ALTER TABLE "supplier" ENABLE KEYS */;
UNLOCK TABLES;

--
-- Table structure for table "user_"
--

DROP TABLE IF EXISTS "user_";
/*!40101 SET @saved_cs_client     = @@character_set_client */;
/*!40101 SET character_set_client = utf8 */;
CREATE TABLE "user_" (
  "id" int(11) NOT NULL,
  "email" varchar(255) NOT NULL,
  "name" varchar(255) NOT NULL,
  "pass" varchar(255) NOT NULL,
  "role" int(11) NOT NULL,
  PRIMARY KEY ("id"),
  KEY "user__role__id_fk" ("role"),
  CONSTRAINT "user__role__id_fk" FOREIGN KEY ("role") REFERENCES "role_" ("id")
);
/*!40101 SET character_set_client = @saved_cs_client */;

--
-- Dumping data for table "user_"
--

LOCK TABLES "user_" WRITE;
/*!40000 ALTER TABLE "user_" DISABLE KEYS */;
INSERT INTO "user_" ("id", "email", "name", "pass", "role") VALUES (1,'mario@almacen.com','Mario Correa','password',1),(2,'maria@almacen.com','Maria Portela','password',2),(3,'comarea@almacen.com','Comarea','password',3);
/*!40000 ALTER TABLE "user_" ENABLE KEYS */;
UNLOCK TABLES;
/*!40103 SET TIME_ZONE=@OLD_TIME_ZONE */;

/*!40101 SET SQL_MODE=@OLD_SQL_MODE */;
/*!40014 SET FOREIGN_KEY_CHECKS=@OLD_FOREIGN_KEY_CHECKS */;
/*!40014 SET UNIQUE_CHECKS=@OLD_UNIQUE_CHECKS */;
/*!40111 SET SQL_NOTES=@OLD_SQL_NOTES */;

-- Dump completed on 2020-12-22 20:16:57
